Date,Open,High,Low,Close,Volume,Market Cap
12-Apr-19,165.34,166.13,161.03,164.74,"6,237,185,309","17,401,765,647"
11-Apr-19,177.34,177.49,162.32,165.5,"7,859,383,417","17,479,876,008"
10-Apr-19,176.07,183.13,175.23,177.34,"7,856,924,879","18,728,058,767"
9-Apr-19,180.22,180.25,175.09,176.11,"7,632,529,578","18,596,496,042"
8-Apr-19,174.45,184.38,174.16,180.26,"9,304,964,610","19,031,640,376"
7-Apr-19,165.98,175.21,164.93,174.53,"7,596,176,020","18,424,576,820"
6-Apr-19,165.51,172.52,161.8,165.95,"7,167,016,221","17,516,082,778"
5-Apr-19,158.02,167.22,157.44,165.51,"7,531,316,908","17,468,192,986"
4-Apr-19,161.43,164.93,155.24,158.05,"7,953,123,529","16,678,477,300"
3-Apr-19,164.01,178.32,157.32,161.46,"10,622,456,246","17,035,703,564"
2-Apr-19,141.84,165.23,141.64,163.96,"9,826,645,698","17,297,572,365"
1-Apr-19,141.47,142.73,140.74,141.83,"4,611,999,536","14,960,828,861"
31-Mar-19,142.14,142.19,140.7,141.51,"4,249,050,197","14,925,533,137"
30-Mar-19,142.36,149.61,141.03,142.09,"5,144,662,127","14,984,615,423"
29-Mar-19,139.34,142.55,138.05,142.5,"5,125,602,702","15,025,361,637"
28-Mar-19,141.01,141.01,138.43,139.42,"4,163,212,475","14,698,609,599"
27-Mar-19,135.45,141.08,135.34,140.99,"5,228,240,093","14,862,394,451"
26-Mar-19,135.05,135.46,133.76,135.46,"4,499,271,679","14,277,816,266"
25-Mar-19,137.08,137.7,133.49,135.03,"4,480,516,753","14,230,733,149"
24-Mar-19,138.32,138.38,136.31,136.99,"4,266,845,458","14,434,995,337"
23-Mar-19,137.04,139.39,136.91,138.24,"4,436,568,613","14,565,143,357"
22-Mar-19,136.56,138.79,136.23,137.18,"4,490,899,266","14,451,740,115"
21-Mar-19,140.48,141,135.86,136.64,"5,087,247,796","14,392,427,839"
20-Mar-19,140.48,140.95,138.31,140.69,"4,664,134,462","14,817,151,375"
19-Mar-19,139.25,140.99,139.14,140.52,"4,251,488,129","14,797,612,389"
18-Mar-19,140.1,142.27,138.84,139.37,"4,551,739,879","14,675,181,094"
17-Mar-19,142.24,142.37,139.32,140,"3,827,157,729","14,739,201,597"
16-Mar-19,137.91,144.56,137.91,142.4,"4,839,003,569","14,989,691,491"
15-Mar-19,133.57,138.4,133.57,137.69,"4,506,861,856","14,492,364,551"
14-Mar-19,133.2,135.18,132.75,133.71,"4,476,532,147","14,071,628,064"
13-Mar-19,134.61,134.61,132.72,133.26,"4,265,162,099","14,022,610,219"
12-Mar-19,134.01,135.27,130.94,134.44,"4,709,988,000","14,144,929,392"
11-Mar-19,136.85,137.35,133.1,133.83,"4,689,807,419","14,079,044,648"
10-Mar-19,138.18,138.27,135.69,136.76,"4,578,438,499","14,384,860,876"
9-Mar-19,134.89,139.12,134.68,137.97,"5,011,918,715","14,509,873,018"
8-Mar-19,138.31,139.5,133.56,135.13,"4,678,816,794","14,209,542,041"
7-Mar-19,138.94,140.86,137.27,138.03,"4,339,206,292","14,513,398,954"
6-Mar-19,137.96,139.97,136.15,138.79,"4,589,054,219","14,590,867,639"
5-Mar-19,127.79,138.23,126.74,137.82,"4,764,849,990","14,492,117,352"
4-Mar-19,132.16,132.73,125.4,127.77,"4,008,171,341","13,432,896,659"
3-Mar-19,134.79,135.85,131.33,132.25,"3,454,374,053","13,900,679,027"
2-Mar-19,136.35,137.18,132.44,134.21,"3,747,176,425","14,103,698,392"
1-Mar-19,136.84,139,136.43,136.44,"3,756,124,824","14,335,957,425"
28-Feb-19,136.28,138.85,135.66,136.75,"4,535,438,953","14,365,118,213"
27-Feb-19,138.03,141.34,131.6,136.13,"4,469,776,860","14,298,070,644"
26-Feb-19,139.65,139.98,136.58,138.09,"3,791,292,839","14,502,464,167"
25-Feb-19,135.5,142.53,135.48,139.82,"4,914,392,068","14,682,597,926"
24-Feb-19,158.9,165.55,135.85,135.85,"5,957,715,043","14,263,873,721"
23-Feb-19,148.68,159.13,147.33,158.8,"4,519,468,458","16,670,632,412"
22-Feb-19,146.07,149.27,145.21,149.09,"3,731,099,284","15,649,961,167"
21-Feb-19,149.35,149.35,144.56,146.13,"3,995,766,856","15,337,145,738"
20-Feb-19,145.17,149.55,142.5,149.55,"4,500,094,965","15,694,462,393"
19-Feb-19,146.4,149.93,145.13,145.35,"5,310,842,625","15,250,901,019"
18-Feb-19,133.03,147.69,133,146.1,"5,387,525,773","15,327,852,479"
17-Feb-19,123.18,134.46,123.09,133.6,"4,236,081,130","14,014,695,490"
16-Feb-19,122.4,124.13,122.3,123.26,"2,905,833,287","12,928,550,184"
15-Feb-19,121.45,123.66,121.37,122.1,"3,021,741,615","12,805,280,766"
14-Feb-19,122.42,124.45,121.33,121.39,"3,331,701,628","12,729,213,675"
13-Feb-19,122.54,125.55,121.61,122.55,"3,386,585,799","12,849,605,819"
12-Feb-19,121.18,123.47,119.6,122.57,"3,149,576,429","12,849,965,122"
11-Feb-19,124.87,124.87,120.31,121.3,"3,222,473,887","12,714,795,026"
10-Feb-19,119.41,124.85,117.11,124.81,"3,148,766,590","13,080,881,910"
9-Feb-19,119.21,120.69,118,119.43,"2,884,650,400","12,515,870,173"
8-Feb-19,104.65,119.81,104.19,119.27,"3,656,841,347","12,496,945,336"
7-Feb-19,104.84,106.06,104.41,104.54,"2,326,764,622","10,951,652,648"
6-Feb-19,107.57,107.57,102.93,104.92,"2,593,048,199","10,990,266,833"
5-Feb-19,107.63,108.13,106.91,107.44,"2,515,863,999","11,253,035,388"
4-Feb-19,107.63,108.7,107.07,107.82,"2,491,888,675","11,290,969,364"
3-Feb-19,110.49,110.83,106.56,107.49,"2,519,334,757","11,254,870,706"
2-Feb-19,107.47,110.65,106.76,110.43,"2,385,157,838","11,560,765,573"
1-Feb-19,107.15,108.64,105.05,107.61,"2,541,271,519","11,263,815,610"
31-Jan-19,108.9,110.46,106.53,107.06,"2,828,796,031","11,204,735,502"
30-Jan-19,105.41,109.45,104.84,108.91,"2,874,370,355","11,396,282,341"
29-Jan-19,106.72,107.17,104,105.6,"2,900,418,606","11,048,347,342"
28-Jan-19,113.29,113.69,103.34,106.59,"3,366,895,505","11,150,461,958"
27-Jan-19,116.51,116.69,113.41,113.41,"2,775,888,287","11,861,671,822"
26-Jan-19,116.37,118.08,115.98,116.49,"2,412,181,169","12,182,338,148"
25-Jan-19,117.59,117.8,115.83,116.38,"2,606,881,898","12,168,932,300"
24-Jan-19,117.46,118.03,116.01,117.36,"2,520,843,420","12,269,992,351"
23-Jan-19,118.71,119.42,116.38,117.45,"2,556,952,198","12,277,481,872"
22-Jan-19,117.11,119.66,114.68,118.75,"2,552,507,405","12,410,972,241"
21-Jan-19,119.64,119.72,116.16,117.16,"2,421,720,343","12,242,940,197"
20-Jan-19,124.63,125.07,118.7,119.47,"2,964,108,269","12,483,136,112"
19-Jan-19,121.61,125.9,121.16,124.52,"3,048,261,797","13,007,954,846"
18-Jan-19,123.65,123.84,120.24,121.01,"2,305,389,800","12,639,234,713"
17-Jan-19,123.57,124.27,120.82,123.74,"2,594,091,285","12,922,347,330"
16-Jan-19,121.81,127.12,121.44,123.55,"2,746,469,340","12,899,812,275"
15-Jan-19,129.17,130.74,120.31,122.03,"2,735,449,164","12,739,543,688"
14-Jan-19,116.98,130.86,116.97,129.07,"2,798,085,735","13,471,754,802"
13-Jan-19,125.91,126.27,116.09,116.9,"2,268,263,944","12,199,288,487"
12-Jan-19,127.53,128.67,125.45,125.97,"2,212,109,224","13,143,426,380"
11-Jan-19,127.81,130.17,125.24,127.55,"2,667,585,234","13,306,214,134"
10-Jan-19,150.84,152.15,126.53,128.63,"3,397,734,456","13,416,263,931"
9-Jan-19,150.55,153.62,150.29,150.8,"2,369,241,197","15,726,845,712"
8-Jan-19,151.97,153.63,148.67,150.36,"2,459,808,140","15,677,889,902"
7-Jan-19,157.81,158.45,151.15,151.7,"2,712,108,388","15,814,868,678"
6-Jan-19,155.8,159.37,152.09,157.75,"3,231,294,371","16,442,429,109"
5-Jan-19,154.34,160.82,154.34,155.64,"3,338,211,928","16,219,974,745"
4-Jan-19,148.91,156.88,147.91,154.58,"3,126,192,535","16,107,068,093"
3-Jan-19,155.2,155.86,147.2,149.14,"2,676,164,880","15,536,849,936"
2-Jan-19,141.52,156.93,140.65,155.05,"3,328,240,369","16,150,049,902"
1-Jan-19,133.42,141.4,132.65,140.82,"2,258,709,868","14,665,318,370"
31-Dec-18,140.03,140.18,132.52,133.37,"2,358,360,234","13,886,837,730"
30-Dec-18,137.63,140.69,133.98,139.86,"2,660,086,834","14,560,066,114"
29-Dec-18,138.47,147.03,134.57,138.02,"3,169,029,972","14,365,797,196"
28-Dec-18,116.9,137.65,115.69,137.65,"3,130,201,009","14,324,511,544"
27-Dec-18,131.92,132.68,115.65,116.58,"2,612,804,378","12,129,493,222"
26-Dec-18,129.89,136.68,126.29,131.87,"2,720,469,126","13,717,858,346"
25-Dec-18,141,141,125.11,129.84,"3,298,280,609","13,505,089,290"
24-Dec-18,130.64,157.67,130.64,140.24,"4,370,343,387","14,583,457,940"
23-Dec-18,117.27,133.08,117.27,130.77,"3,579,715,061","13,595,887,732"
22-Dec-18,109.46,116.76,107.5,116.76,"2,338,772,939","12,137,481,655"
21-Dec-18,115.84,119.09,107.58,109.5,"2,632,539,990","11,380,357,569"
20-Dec-18,101.09,117.17,100.64,116.22,"3,063,842,618","12,076,674,311"
19-Dec-18,101.68,108.55,100.69,101.27,"2,456,482,115","10,521,416,481"
18-Dec-18,95.11,101.32,92.97,101.11,"2,277,514,076","10,503,295,749"
17-Dec-18,85.38,96.81,85.38,95.13,"2,101,453,024","9,880,456,239"
16-Dec-18,84.47,87.57,84.47,85.26,"1,565,817,037","8,853,567,311"
15-Dec-18,84.28,85.34,82.83,84.44,"1,496,176,898","8,766,638,124"
14-Dec-18,86.63,87.14,83.23,84.31,"1,651,491,877","8,751,209,554"
13-Dec-18,90.66,91.11,85.52,86.54,"1,754,475,622","8,981,108,543"
12-Dec-18,88.61,92.24,88.26,90.59,"1,533,050,103","9,400,044,026"
11-Dec-18,91.58,92.78,87.69,88.95,"1,707,497,898","9,227,301,064"
10-Dec-18,94.99,96.26,90.65,91.69,"1,756,437,577","9,509,816,315"
9-Dec-18,92.04,98.9,91.03,95.14,"1,875,567,180","9,866,414,732"
8-Dec-18,93.41,97.06,86.83,92.16,"1,855,759,401","9,555,327,946"
7-Dec-18,91.65,96.09,83.47,93.29,"2,554,304,530","9,671,177,427"
6-Dec-18,102.45,104.1,91.76,91.76,"2,310,716,932","9,510,417,097"
5-Dec-18,110.34,110.6,102.48,102.48,"1,990,157,607","10,618,884,099"
4-Dec-18,108.8,113.14,107.4,110.21,"1,748,116,495","11,418,617,063"
3-Dec-18,116.38,116.62,107.42,108.93,"1,772,756,193","11,282,911,404"
2-Dec-18,118.27,120.56,116.09,116.39,"1,856,199,149","12,053,770,487"
1-Dec-18,113.4,120.84,111.62,118.64,"2,131,475,768","12,284,117,522"
30-Nov-18,117.73,119.42,111.74,113.17,"2,020,748,396","11,716,096,076"
29-Nov-18,122.72,123.23,115.3,117.54,"2,196,099,151","12,166,285,642"
28-Nov-18,110.2,126.05,110.2,122.44,"2,673,470,000","12,670,491,119"
27-Nov-18,107.91,111.84,102.45,110.01,"2,320,010,000","11,382,216,773"
26-Nov-18,116.34,118.2,104.89,108.34,"2,139,490,000","11,206,775,318"
25-Nov-18,113.13,118.88,101.77,116.45,"2,466,750,000","12,043,900,588"
24-Nov-18,123.3,126.79,110.83,113.49,"1,800,960,000","11,735,901,799"
23-Nov-18,126.42,127.03,119.56,123.3,"1,998,010,000","12,747,016,419"
22-Nov-18,136.81,137.74,126.71,126.71,"1,792,150,000","13,097,009,562"
21-Nov-18,131.14,138.89,125.76,136.7,"2,685,930,000","14,127,420,909"
20-Nov-18,148.81,151.25,126.36,130.34,"3,134,410,000","13,467,303,239"
19-Nov-18,177.18,177.18,147.85,149.18,"2,745,160,000","15,410,551,811"
18-Nov-18,174.18,179.15,174.18,177.07,"1,810,920,000","18,288,411,984"
17-Nov-18,175.36,175.85,172.87,174,"1,832,800,000","17,968,221,715"
16-Nov-18,180.87,181.35,173.13,175.18,"2,015,330,000","18,086,156,169"
15-Nov-18,181.9,184.25,170.19,180.81,"2,638,410,000","18,663,659,629"
14-Nov-18,206.53,207.05,174.08,181.4,"2,595,330,000","18,721,032,761"
13-Nov-18,210.15,210.52,206.14,206.83,"1,610,260,000","21,341,261,802"
12-Nov-18,211.51,212.62,208.92,210.42,"1,452,380,000","21,707,637,540"
11-Nov-18,212.48,213,208.87,211.34,"1,501,600,000","21,798,464,881"
10-Nov-18,209.98,213.86,209.81,212.53,"1,377,760,000","21,917,195,708"
9-Nov-18,211.99,213.32,209.52,210.07,"1,554,750,000","21,659,329,261"
8-Nov-18,217.33,218.34,212.2,212.23,"1,769,080,000","21,877,424,057"
7-Nov-18,218.9,221.65,216.8,217.18,"1,927,830,000","22,383,497,662"
6-Nov-18,209.47,218.45,207.89,218.45,"1,856,940,000","22,445,690,692"
5-Nov-18,207.1,210.82,206.57,209.09,"1,613,510,000","21,540,996,877"
4-Nov-18,200.16,211.27,198.99,207.49,"1,749,300,000","21,371,416,840"
3-Nov-18,200.74,200.74,199.53,200.19,"1,307,150,000","20,615,439,151"
2-Nov-18,198.98,201.27,198.76,200.64,"1,451,870,000","20,657,629,735"
1-Nov-18,197.54,203.75,197.33,198.87,"1,336,700,000","20,472,105,764"
31-Oct-18,197.65,198.34,196.53,197.38,"1,442,380,000","20,314,628,127"
30-Oct-18,197.2,198.12,196.35,197.56,"1,363,500,000","20,328,580,026"
29-Oct-18,205.17,205.6,195.73,197.25,"1,517,230,000","20,292,811,278"
28-Oct-18,204.51,205.92,203.52,205.37,"1,139,140,000","21,123,907,349"
27-Oct-18,203.36,206.08,203.13,204.21,"1,084,810,000","21,000,852,987"
26-Oct-18,202.34,204.78,201.55,203.33,"1,161,310,000","20,906,130,835"
25-Oct-18,203.87,204.13,201.82,202.72,"1,102,900,000","20,839,259,066"
24-Oct-18,204.13,205.58,203.35,203.85,"1,102,220,000","20,951,603,018"
23-Oct-18,204.02,205.15,201.91,204.34,"1,237,490,000","20,997,181,867"
22-Oct-18,205.17,206.93,203.38,204.04,"1,328,980,000","20,962,977,292"
21-Oct-18,205.39,208.16,204.62,205.14,"1,190,300,000","21,071,630,786"
20-Oct-18,203.52,206.22,203.09,205.43,"1,238,780,000","21,097,037,289"
19-Oct-18,203.26,204.66,201.84,203.73,"1,264,480,000","20,917,973,393"
18-Oct-18,207.4,208.47,201.74,203.35,"1,365,860,000","20,875,341,345"
17-Oct-18,210.22,211.13,205.93,207.08,"1,444,130,000","21,254,117,736"
16-Oct-18,209.63,212.17,207.98,210.12,"1,532,280,000","21,561,538,445"
15-Oct-18,195.27,222.12,194.16,209.7,"2,865,830,000","21,514,574,462"
14-Oct-18,199.69,201.83,195.24,195.72,"1,169,260,000","20,075,397,007"
13-Oct-18,196.36,201.28,196.36,199.84,"1,167,610,000","20,494,529,773"
12-Oct-18,188.71,199.4,188.71,196.73,"1,487,900,000","20,171,157,774"
11-Oct-18,225.61,225.61,189.28,189.5,"2,167,620,000","19,426,181,717"
10-Oct-18,227.62,227.71,224.5,225.77,"1,384,040,000","23,139,713,070"
9-Oct-18,229.71,230.16,226.4,227.98,"1,405,130,000","23,361,891,401"
8-Oct-18,226.51,230.77,224.56,229.26,"1,470,740,000","23,487,673,000"
7-Oct-18,225.44,226.37,223,226.12,"1,470,480,000","23,161,767,973"
6-Oct-18,227.55,227.93,224.25,225.12,"1,505,070,000","23,054,817,089"
5-Oct-18,222.27,228.32,220.96,227.6,"1,547,330,000","23,304,234,601"
4-Oct-18,220.45,226.15,220.09,222.22,"1,479,500,000","22,748,580,859"
3-Oct-18,226.41,226.46,213.97,220.49,"1,683,930,000","22,567,089,086"
2-Oct-18,231.1,231.17,225.84,227.18,"1,542,080,000","23,247,403,474"
1-Oct-18,233.22,234.15,226.95,230.77,"1,597,500,000","23,609,728,018"
30-Sep-18,231.33,236.99,228.45,232.85,"1,765,560,000","23,817,805,502"
29-Sep-18,221.71,234.01,216.08,231.64,"2,208,720,000","23,688,983,896"
28-Sep-18,229.04,231.75,218.67,222.4,"2,018,120,000","22,740,233,568"
27-Sep-18,215.44,230.61,212.65,228.49,"2,030,320,000","23,358,464,739"
26-Sep-18,218.65,221.44,209.11,215.85,"1,756,100,000","22,061,164,303"
25-Sep-18,228.33,228.33,206.49,218.51,"2,120,360,000","22,328,327,983"
24-Sep-18,244.84,245.11,227.49,228.73,"1,748,740,000","23,368,514,475"
23-Sep-18,240.99,247.46,237.86,244.33,"1,693,470,000","24,957,339,670"
22-Sep-18,247.34,251.2,233.81,240.48,"1,921,820,000","24,559,189,741"
21-Sep-18,225.25,248.39,221.57,246.58,"2,836,200,000","25,177,561,991"
20-Sep-18,210.29,224.82,207.79,224.59,"1,782,070,000","22,927,300,808"
19-Sep-18,209.47,213.87,201.66,209.97,"1,733,330,000","21,430,323,331"
18-Sep-18,197.1,213.36,195.93,209.98,"1,800,640,000","21,426,628,309"
17-Sep-18,221.58,224.26,195.31,197.88,"2,019,910,000","20,187,902,505"
16-Sep-18,222.8,222.8,211.12,220.59,"1,502,260,000","22,500,748,646"
15-Sep-18,209.81,226.6,209.61,223.07,"1,670,490,000","22,749,647,321"
14-Sep-18,212.67,222.79,204.87,211.75,"2,232,190,000","21,590,366,996"
13-Sep-18,183.68,214,183.68,211.35,"2,330,720,000","21,545,775,837"
12-Sep-18,185.42,185.59,170.26,183.33,"1,874,850,000","18,685,319,378"
11-Sep-18,198.18,198.51,180.6,185.07,"1,568,900,000","18,858,381,966"
10-Sep-18,197.85,201.88,189.58,197.08,"1,502,960,000","20,078,523,984"
9-Sep-18,198.39,207.67,188.31,196.92,"1,585,980,000","20,058,708,800"
8-Sep-18,217.91,220.37,193.26,197.95,"1,517,200,000","20,159,309,964"
7-Sep-18,229.54,233.9,217.08,217.2,"1,678,260,000","22,115,522,904"
6-Sep-18,231.65,231.76,218.12,230.22,"2,097,310,000","23,435,751,842"
5-Sep-18,286.05,288.16,232.33,232.33,"2,390,390,000","23,646,371,777"
4-Sep-18,289.3,291.58,284.26,285.72,"1,554,870,000","29,074,743,101"
3-Sep-18,295.18,295.59,287.43,289.26,"1,394,490,000","29,428,616,901"
2-Sep-18,295.45,298.69,290.93,294.37,"1,321,050,000","29,942,718,225"
1-Sep-18,283.5,301.14,283.5,295.34,"1,546,630,000","30,035,327,410"
31-Aug-18,284.12,284.55,278.51,283,"1,411,910,000","28,774,922,508"
30-Aug-18,289.75,291.24,275.21,284.11,"1,513,100,000","28,881,058,148"
29-Aug-18,296.16,297.07,287.29,289.31,"1,474,460,000","29,404,459,725"
28-Aug-18,286.65,297.4,283.57,296.5,"1,513,350,000","30,128,902,937"
27-Aug-18,275.35,285.6,273.65,285.6,"1,406,790,000","29,015,874,948"
26-Aug-18,279.53,279.53,272.44,275.2,"1,206,650,000","27,953,028,997"
25-Aug-18,283.28,283.52,278.47,279.65,"1,208,360,000","28,399,212,923"
24-Aug-18,278.11,283.3,273.86,282.97,"1,450,170,000","28,730,705,349"
23-Aug-18,271.75,279.55,271.09,277.1,"1,271,160,000","28,129,662,664"
22-Aug-18,281.97,297.49,265,271.34,"1,507,660,000","27,539,119,679"
21-Aug-18,273.33,285.97,273.33,281.94,"1,164,120,000","28,609,531,323"
20-Aug-18,301.38,304.37,273.51,274.32,"1,413,790,000","27,829,775,231"
19-Aug-18,295.67,307.1,291.33,300.83,"1,447,910,000","30,514,025,774"
18-Aug-18,316.79,320.45,286.55,295.81,"1,764,020,000","29,998,584,852"
17-Aug-18,287.68,316.17,287.35,315.73,"1,995,460,000","32,011,921,283"
16-Aug-18,282.74,298.48,280.93,288.05,"1,552,970,000","29,199,228,646"
15-Aug-18,280.39,303.59,280.12,282.36,"1,878,150,000","28,617,473,116"
14-Aug-18,286.37,286.37,254.65,278.93,"2,137,850,000","28,263,969,132"
13-Aug-18,320.21,323.55,284.93,286.5,"1,751,190,000","29,024,490,503"
12-Aug-18,320.82,328.59,318.6,319.57,"1,625,420,000","32,368,768,332"
11-Aug-18,334.26,334.26,308.49,322.11,"1,790,370,000","32,619,681,420"
10-Aug-18,365.78,367.05,329.59,334.18,"1,699,400,000","33,834,485,092"
9-Aug-18,356.97,370.95,353.61,365.59,"1,616,610,000","37,007,391,031"
8-Aug-18,379.89,380.67,353.73,356.61,"2,016,080,000","36,091,566,801"
7-Aug-18,406.8,411.41,376.08,380.22,"1,828,350,000","38,472,420,233"
6-Aug-18,410.57,414.54,403.32,406.66,"1,384,880,000","41,139,790,462"
5-Aug-18,407.35,413.72,402.43,410.52,"1,396,820,000","41,521,715,110"
4-Aug-18,418.24,420.19,403.78,407.25,"1,466,540,000","41,183,215,694"
3-Aug-18,412.57,420.55,399.91,418.26,"1,722,340,000","42,287,977,978"
2-Aug-18,420.81,425.03,410.31,412.62,"1,569,300,000","41,709,183,608"
1-Aug-18,433.87,435.46,410.46,420.75,"1,888,060,000","42,521,937,218"
31-Jul-18,457.25,457.25,430.44,433.87,"1,820,680,000","43,839,034,237"
30-Jul-18,466.83,467.95,448.64,457.08,"2,141,590,000","46,175,217,427"
29-Jul-18,466.92,470.36,462.71,466.67,"1,631,910,016","47,133,881,666"
28-Jul-18,469.68,471.59,462.99,466.9,"1,531,890,048","47,147,853,886"
27-Jul-18,464.01,473.22,458.29,469.67,"1,734,259,968","47,417,755,376"
26-Jul-18,472.33,483.7,461.42,464.04,"1,621,560,064","46,839,932,193"
25-Jul-18,479.91,482.87,466.47,472.49,"1,930,780,032","47,683,830,874"
24-Jul-18,451.14,481.14,450.57,479.37,"2,287,520,000","48,368,209,917"
23-Jul-18,459.44,469.77,449.73,450.85,"1,596,999,936","45,481,301,491"
22-Jul-18,462.44,470.9,458.12,459.66,"1,338,589,952","46,360,029,757"
21-Jul-18,450.68,468.08,445.78,462.44,"1,504,310,016","46,630,720,739"
20-Jul-18,469.31,469.31,443.69,450.7,"1,821,350,016","45,437,819,522"
19-Jul-18,480.63,483.24,465.14,469.62,"2,068,739,968","47,335,899,963"
18-Jul-18,500.84,513.43,474.36,480.51,"2,371,559,936","48,424,155,624"
17-Jul-18,480.08,508.78,468.92,501,"2,288,100,096","50,478,766,285"
16-Jul-18,450.42,480.66,446.8,480.66,"1,858,680,064","48,419,026,521"
15-Jul-18,435.88,454,433.92,449.85,"1,350,160,000","45,306,414,380"
14-Jul-18,434.51,439.43,431.47,436.09,"1,235,820,032","43,911,193,561"
13-Jul-18,430.74,442.36,430.74,434.03,"1,489,670,016","43,694,988,769"
12-Jul-18,446.5,446.5,422.81,430.07,"1,495,440,000","43,288,294,177"
11-Jul-18,434.52,447.32,429.51,446.52,"1,422,470,016","44,934,271,235"
10-Jul-18,476.16,478.32,433.96,434.42,"1,789,069,952","43,708,241,775"
9-Jul-18,488.88,490.85,475.17,476.68,"1,533,799,936","47,950,212,027"
8-Jul-18,492.07,503.2,488.42,489.12,"1,344,560,000","49,191,161,178"
7-Jul-18,474.06,491.66,466.84,491.66,"1,358,360,064","49,436,674,025"
6-Jul-18,474.36,479.65,457.61,474.01,"1,627,609,984","47,652,424,064"
5-Jul-18,467.29,483.23,464.63,474.41,"1,828,610,048","47,682,968,020"
4-Jul-18,464.15,481.44,455.18,467.32,"1,549,769,984","46,960,391,871"
3-Jul-18,475.39,483.85,462.58,464.2,"1,683,939,968","46,637,067,239"
2-Jul-18,453.82,479.13,447.11,475.35,"1,625,789,952","47,747,743,959"
1-Jul-18,455.24,457.14,446.39,453.92,"1,511,730,048","45,585,861,718"
30-Jun-18,436.21,458.8,436.21,455.18,"1,475,939,968","45,703,302,056"
29-Jun-18,422.59,441.79,407.95,436.01,"1,564,499,968","43,769,409,548"
28-Jun-18,442.29,443.62,419.68,422.36,"1,360,790,016","42,391,125,054"
27-Jun-18,432.24,444.24,424.84,442.36,"1,368,940,032","44,389,430,889"
26-Jun-18,460.73,461.21,432.77,432.77,"1,356,560,000","43,417,898,248"
25-Jun-18,455.94,470.34,448.9,460.31,"4,007,950,080","46,171,165,114"
24-Jun-18,474.77,475.36,426.47,457.67,"2,490,579,968","45,897,156,207"
23-Jun-18,466.27,479.13,462.39,474.52,"1,651,379,968","47,577,076,102"
22-Jun-18,527.19,527.19,456.88,465.82,"2,226,030,080","46,694,859,628"
21-Jun-18,536.45,543.72,524.26,527.37,"1,462,070,016","52,853,921,455"
20-Jun-18,538.51,541.02,519.37,536.27,"1,596,290,048","53,735,032,875"
19-Jun-18,519.02,542.35,516.31,537.96,"1,726,569,984","53,893,191,559"
18-Jun-18,499.38,521.8,494.07,518.89,"1,513,869,952","51,972,519,171"
17-Jun-18,499.46,507.64,498.65,500.45,"1,264,870,016","50,114,921,288"
16-Jun-18,490.41,503.22,488.85,499.64,"1,314,109,952","50,024,018,701"
15-Jun-18,520.48,521.3,487.47,491,"1,808,269,952","49,149,084,090"
14-Jun-18,478.38,523.54,467.47,519.74,"2,458,650,112","52,015,066,663"
13-Jun-18,498.02,501.9,459,477.49,"2,080,130,048","47,777,150,787"
12-Jun-18,532.71,538.96,491.23,496.84,"1,932,760,064","49,702,985,162"
11-Jun-18,524.86,536.86,515.27,533.28,"1,982,119,936","53,337,466,294"
10-Jun-18,594.34,594.34,511.89,526.48,"2,234,880,000","52,645,885,461"
9-Jun-18,600.91,608.58,597.56,597.56,"1,519,309,952","59,741,701,633"
8-Jun-18,605.44,608.81,595.59,601.08,"1,637,779,968","60,080,608,858"
7-Jun-18,607.69,616.14,601.69,605.19,"1,880,140,032","60,478,879,395"
6-Jun-18,610.26,611.64,596.4,607.12,"1,756,530,048","60,659,842,641"
5-Jun-18,593.41,611.33,580.98,609.3,"1,844,269,952","60,864,980,395"
4-Jun-18,619.44,623.43,583.75,592.98,"1,903,430,016","59,222,873,880"
3-Jun-18,591.26,624.51,591.26,618.33,"1,832,550,016","61,740,821,846"
2-Jun-18,580.43,597.08,577.32,591.81,"1,880,390,016","59,080,880,117"
1-Jun-18,578.67,589.09,567.66,580.04,"1,945,890,048","57,894,350,583"
31-May-18,558.5,585.54,557.07,577.65,"1,985,040,000","57,643,138,807"
30-May-18,566.83,583.14,545.43,559.59,"2,053,970,048","55,829,809,817"
29-May-18,516.15,572.26,516.15,565.39,"2,330,820,096","56,396,587,656"
28-May-18,573.04,576.05,512.55,516.04,"2,356,900,096","51,463,146,627"
27-May-18,588.52,590.33,562.87,572.67,"1,788,790,016","57,099,072,056"
26-May-18,587.43,606.17,583.51,587.28,"1,694,300,032","58,544,016,481"
25-May-18,602.14,617.19,575.62,586.73,"2,110,919,936","58,477,440,268"
24-May-18,584.54,610.82,557.21,601.76,"2,791,099,904","59,962,094,302"
23-May-18,646.67,651.64,572.95,583.59,"2,995,429,888","58,139,666,822"
22-May-18,700.18,700.98,644.03,647.74,"2,230,469,888","64,517,663,406"
21-May-18,717.19,719.28,692.49,699.22,"2,005,170,048","69,631,032,596"
20-May-18,697.92,723.75,692.67,715.37,"2,156,910,080","71,224,213,260"
19-May-18,695.07,715.58,686.79,696.53,"2,021,549,952","69,334,147,807"
18-May-18,672.1,695.03,663.81,694.37,"2,305,740,032","69,104,455,849"
17-May-18,708.72,718.83,668.83,672.66,"2,350,619,904","66,929,938,612"
16-May-18,708.09,710.2,682.54,707.05,"2,476,130,048","70,337,446,111"
15-May-18,731.14,739.05,700.99,708.87,"2,523,069,952","70,504,110,201"
14-May-18,732.73,742.17,695.79,730.55,"3,005,110,016","72,645,181,706"
13-May-18,687.17,741.31,675.32,733.5,"2,362,500,096","72,923,278,119"
12-May-18,679.88,691.41,644.07,686.05,"2,668,480,000","68,192,028,458"
11-May-18,727.01,736.98,669.83,679.59,"3,290,080,000","67,535,702,572"
10-May-18,752.58,766.75,726.66,727.28,"2,748,950,016","72,260,117,775"
9-May-18,752.9,759.53,718.47,752.28,"2,877,870,080","74,728,439,730"
8-May-18,755.01,774.25,728.13,752.86,"2,920,489,984","74,770,813,968"
7-May-18,793.34,795.76,710.18,753.72,"4,316,120,064","74,841,655,792"
6-May-18,816.09,835.06,764.88,792.31,"3,105,570,048","78,656,662,788"
5-May-18,784.58,827.46,784.24,816.12,"3,035,040,000","81,003,446,783"
4-May-18,776.78,803.75,762.63,785.62,"3,533,410,048","77,960,306,236"
3-May-18,686.59,784.34,686.59,779.54,"4,210,939,904","77,340,839,220"
2-May-18,674.08,688.84,667.42,687.15,"2,822,269,952","68,159,979,253"
1-May-18,670.46,674.4,637.54,673.61,"2,678,960,128","66,803,233,984"
30-Apr-18,689.76,694.44,666.12,669.92,"2,853,100,032","66,423,712,256"
29-Apr-18,683.91,697.76,670.51,688.88,"2,740,559,872","68,289,153,706"
28-Apr-18,644.65,691.44,644.65,683.68,"2,496,659,968","67,759,208,004"
27-Apr-18,662.11,684.87,647.03,647.03,"2,598,129,920","64,114,105,428"
26-Apr-18,618.08,663.18,604.01,662.81,"2,984,009,984","65,663,946,135"
25-Apr-18,707.06,707.06,600.21,615.42,"4,216,140,032","60,955,966,711"
24-Apr-18,643.4,708.88,643.4,708.16,"3,581,860,096","70,127,342,534"
23-Apr-18,621.2,646.7,621.03,642.55,"2,386,830,080","63,617,020,167"
22-Apr-18,606.12,640.77,593.87,621.86,"2,426,269,952","61,556,034,015"
21-Apr-18,616,621.89,578.55,605.4,"2,612,460,032","59,913,832,194"
20-Apr-18,567.99,618.72,560.28,615.72,"2,849,469,952","60,922,818,296"
19-Apr-18,524.04,567.89,523.26,567.89,"2,256,869,888","56,178,772,001"
18-Apr-18,503.31,525.09,503.05,524.79,"1,762,940,032","51,904,227,886"
17-Apr-18,511.14,518.03,502.56,502.89,"1,760,359,936","49,728,519,115"
16-Apr-18,532.07,534.2,500.25,511.15,"1,758,979,968","50,534,185,799"
15-Apr-18,502.88,531.7,502.88,531.7,"1,726,089,984","52,555,419,462"
14-Apr-18,492.58,512.02,488.28,501.48,"1,519,079,936","49,557,725,333"
13-Apr-18,493.16,526.47,482.66,492.73,"2,419,249,920","48,683,660,481"
12-Apr-18,430.16,493.06,417.41,492.94,"2,519,360,000","48,693,844,481"
11-Apr-18,415.02,430.54,412.47,430.54,"1,439,040,000","42,521,044,920"
10-Apr-18,399.41,415.89,393.88,414.24,"1,196,000,000","40,903,130,396"
9-Apr-18,400.86,429.25,390.61,398.53,"1,478,390,016","39,343,018,191"
8-Apr-18,385.74,402.59,385.6,400.51,"948,488,000","39,530,560,784"
7-Apr-18,370.38,393.06,369.94,385.31,"951,475,008","38,023,057,371"
6-Apr-18,382.73,385.2,366.91,370.29,"967,105,984","36,532,478,896"
5-Apr-18,379.95,387.72,369.82,383.23,"1,210,680,064","37,802,008,408"
4-Apr-18,416.48,417.47,375.31,380.54,"1,287,730,048","37,528,933,631"
3-Apr-18,387.31,418.97,383.53,416.89,"1,363,399,936","41,105,280,498"
2-Apr-18,379.7,395.17,377.59,386.42,"1,102,259,968","38,093,277,842"
1-Apr-18,397.25,400.53,363.8,379.61,"1,256,930,048","37,413,407,420"
31-Mar-18,395,418.47,392.95,396.46,"1,323,920,000","39,066,085,342"
30-Mar-18,385.9,409.93,368.63,394.64,"1,878,130,048","38,879,465,944"
29-Mar-18,448.08,450.81,385.81,385.97,"1,970,230,016","38,016,727,209"
28-Mar-18,450.29,466.21,444.86,446.28,"1,514,179,968","43,948,072,321"
27-Mar-18,489.59,491.46,449.97,450.12,"1,617,939,968","44,316,774,118"
26-Mar-18,524.29,526.38,470.44,489.95,"1,638,880,000","48,228,842,327"
25-Mar-18,522.7,535.82,515.66,524.29,"1,151,170,048","51,598,047,955"
24-Mar-18,542.57,545.38,526.08,526.44,"1,300,009,984","51,799,123,912"
23-Mar-18,539.86,540.49,512.13,539.62,"1,596,349,952","53,084,905,906"
22-Mar-18,562.1,577.57,523.09,539.7,"1,523,459,968","53,082,150,649"
21-Mar-18,559.1,589.61,550.57,561.73,"1,781,270,016","55,237,391,316"
20-Mar-18,556.72,567.09,521.2,557.17,"1,833,680,000","54,777,982,164"
19-Mar-18,546.63,558.1,519.12,556.73,"2,046,790,016","54,722,473,140"
18-Mar-18,551.64,551.64,460.09,538.64,"2,685,499,904","52,934,184,182"
17-Mar-18,601.68,609.15,549.1,552.78,"1,267,810,048","54,312,035,489"
16-Mar-18,611.78,623.17,587.86,601.67,"1,417,350,016","59,103,031,871"
15-Mar-18,614.84,620.62,579.51,611.3,"1,770,460,032","60,037,233,577"
14-Mar-18,691.22,702.78,594.1,614.29,"1,810,560,000","60,318,025,226"
13-Mar-18,698.15,713.73,682.35,690.83,"1,425,959,936","67,819,092,121"
12-Mar-18,724.41,742.51,683.27,699.83,"1,764,999,936","68,688,764,839"
11-Mar-18,685.31,735.83,668.12,723.34,"1,562,680,064","70,981,343,639"
10-Mar-18,730.16,748.03,682.7,686.89,"1,532,960,000","67,390,487,259"
9-Mar-18,702.2,729.16,648.11,728.92,"2,233,019,904","71,498,733,754"
8-Mar-18,752.57,773.77,696.17,704.6,"1,891,640,064","69,098,851,661"
7-Mar-18,816.27,825.61,726.55,752.83,"2,175,419,904","73,813,918,307"
6-Mar-18,853.82,853.82,809.93,816.95,"1,943,069,952","80,083,929,891"
5-Mar-18,866.85,869.92,853.52,853.68,"1,898,489,984","83,667,342,992"
4-Mar-18,856.19,867.95,840.28,866.68,"1,697,939,968","84,923,240,778"
3-Mar-18,856.71,868.45,855.21,857.22,"1,699,369,984","83,979,651,073"
2-Mar-18,871.76,876.38,852.42,856.85,"1,894,419,968","83,925,690,001"
1-Mar-18,856.01,880.3,851.92,872.2,"1,868,519,936","85,410,827,047"
28-Feb-18,877.93,890.11,855.12,855.2,"1,963,980,032","83,728,564,149"
27-Feb-18,870.36,896.26,867.1,878.27,"2,053,980,032","85,968,788,108"
26-Feb-18,845.28,880.39,842.32,869.32,"2,044,480,000","85,074,973,200"
25-Feb-18,839.46,853.15,822.38,844.81,"1,646,960,000","82,659,602,549"
24-Feb-18,861.59,879.53,818.55,840.52,"1,926,579,968","82,222,377,928"
23-Feb-18,811.59,886.32,794.79,864.19,"2,334,820,096","84,520,567,485"
22-Feb-18,849.26,875.93,802.67,812.84,"2,150,370,048","79,482,140,044"
21-Feb-18,894.14,912.38,830.56,849.97,"2,531,729,920","83,095,081,059"
20-Feb-18,943.57,965.27,892.95,895.37,"2,545,260,032","87,514,997,546"
19-Feb-18,921.67,957.78,921.55,943.86,"2,169,019,904","92,235,641,556"
18-Feb-18,973.35,982.93,915.45,923.92,"2,567,290,112","90,267,805,476"
17-Feb-18,944.75,976.59,940.75,974.11,"2,525,720,064","95,151,956,513"
16-Feb-18,934.79,950.01,917.85,944.21,"2,369,449,984","92,211,437,654"
15-Feb-18,923.73,951.95,911.11,936.98,"2,900,100,096","91,485,862,822"
14-Feb-18,844.28,926.43,844.28,923.56,"2,818,370,048","90,157,005,929"
13-Feb-18,869.29,870.71,828.84,845.26,"2,081,170,048","82,496,189,206"
12-Feb-18,817.51,875.94,817.51,868.71,"2,243,450,112","84,767,037,716"
11-Feb-18,859.29,859.29,788.22,814.66,"2,486,650,112","79,476,512,347"
10-Feb-18,882.47,917.4,825.58,860.41,"2,930,530,048","83,922,989,198"
9-Feb-18,818.48,884,788.83,883.86,"2,495,820,032","86,191,922,699"
8-Feb-18,755.84,845.09,755.84,817.81,"3,708,189,952","79,733,609,806"
7-Feb-18,790.43,851.2,723.43,757.07,"3,896,179,968","73,796,288,509"
6-Feb-18,707.74,796.44,574.42,793.12,"6,518,269,952","77,294,507,868"
5-Feb-18,834.96,856.65,644.6,697.95,"4,269,530,112","68,005,284,183"
4-Feb-18,964.67,969.03,805.06,834.68,"2,997,090,048","81,310,521,832"
3-Feb-18,919.21,991.94,847.69,964.02,"3,243,480,064","93,890,299,032"
2-Feb-18,"1,035.77","1,035.77",757.98,915.78,"6,713,290,240","89,173,962,074"
1-Feb-18,"1,119.37","1,161.35",984.82,"1,036.79","5,261,680,128","100,935,354,837"
31-Jan-18,"1,071.09","1,128.66","1,034.50","1,118.31","3,757,560,064","108,848,638,400"
30-Jan-18,"1,184.13","1,184.63","1,058.97","1,071.13","4,107,859,968","104,234,481,555"
29-Jan-18,"1,246.70","1,256.70","1,169.08","1,182.36","3,715,079,936","115,034,583,684"
28-Jan-18,"1,111.78","1,257.77","1,111.78","1,246.01","5,372,329,984","121,201,618,306"
27-Jan-18,"1,055.75","1,121.98","1,042.12","1,107.07","3,002,870,016","107,663,911,307"
26-Jan-18,"1,052.70","1,080.60",996.78,"1,055.17","3,617,690,112","102,595,008,990"
25-Jan-18,"1,063.22","1,104.66","1,034.74","1,056.03","4,050,190,080","102,657,059,605"
24-Jan-18,987.48,"1,062.44",965.81,"1,058.78","3,944,039,936","102,902,843,882"
23-Jan-18,"1,004.17","1,023.23",920.54,986.23,"3,556,699,904","95,831,359,552"
22-Jan-18,"1,055.35","1,089.10",930.74,"1,003.26","3,810,099,968","97,465,684,890"
21-Jan-18,"1,155.68","1,155.68","1,021.50","1,049.58","3,378,089,984","101,943,726,022"
20-Jan-18,"1,044.95","1,167.11","1,044.95","1,155.15","3,975,190,016","112,174,461,242"
19-Jan-18,"1,028.82","1,093.22","1,003.71","1,039.10","4,084,450,048","100,883,462,786"
18-Jan-18,"1,016.44","1,100.31",967.76,"1,036.28","5,938,319,872","100,588,318,055"
17-Jan-18,"1,061.34","1,090.23",780.92,"1,014.25","8,545,160,192","98,429,091,487"
16-Jan-18,"1,292.63","1,292.63",875.54,"1,053.69","8,405,139,968","102,231,295,311"
15-Jan-18,"1,365.21","1,390.59","1,290.60","1,291.92","4,781,100,032","125,319,766,537"
14-Jan-18,"1,397.48","1,400.56","1,286.21","1,366.77","4,841,630,208","132,554,906,162"
13-Jan-18,"1,270.47","1,432.88","1,270.47","1,396.42","5,746,760,192","135,400,735,922"
12-Jan-18,"1,158.29","1,296.04","1,120.09","1,273.20","5,222,300,160","123,426,938,667"
11-Jan-18,"1,268.09","1,337.30","1,135.17","1,154.93","7,235,899,904","111,937,424,561"
10-Jan-18,"1,300.34","1,417.38","1,226.60","1,255.82","9,214,950,400","121,689,425,203"
9-Jan-18,"1,146.00","1,320.98","1,145.49","1,299.74","7,965,459,968","125,917,925,182"
8-Jan-18,"1,158.26","1,266.93","1,016.05","1,148.53","8,450,970,112","111,244,629,093"
7-Jan-18,"1,043.01","1,153.17","1,043.01","1,153.17","5,569,880,064","111,670,667,774"
6-Jan-18,995.15,"1,060.71",994.62,"1,041.68","4,662,219,776","100,852,102,738"
5-Jan-18,975.75,"1,075.39",956.33,997.72,"6,683,149,824","96,574,936,368"
4-Jan-18,961.71,"1,045.08",946.09,980.92,"6,502,859,776","94,924,308,783"
3-Jan-18,886,974.47,868.45,962.72,"5,093,159,936","93,146,829,617"
2-Jan-18,772.35,914.83,772.35,884.44,"5,783,349,760","85,552,984,077"
1-Jan-18,755.76,782.53,742,772.64,"2,595,760,128","74,724,233,458"
31-Dec-17,712.21,760.35,710.12,756.73,"2,554,269,952","73,170,170,967"
30-Dec-17,753.82,753.82,685.23,717.26,"3,187,780,096","69,338,470,696"
29-Dec-17,740.39,770.12,729.61,753.59,"2,648,969,984","72,835,328,712"
28-Dec-17,762.21,763.32,701.19,737.02,"2,389,149,952","71,219,054,808"
27-Dec-17,774.97,789.25,738.41,762.84,"2,100,029,952","73,698,377,070"
26-Dec-17,763.37,786.79,760.93,773.84,"2,201,159,936","74,744,613,931"
25-Dec-17,698.87,782.52,698.87,765.83,"2,491,760,128","73,955,757,349"
24-Dec-17,721.77,721.77,614.92,694.15,"2,300,549,888","67,019,237,420"
23-Dec-17,681.32,763.9,679.73,719.39,"2,480,339,968","69,441,297,649"
22-Dec-17,822.64,827.68,543.76,674.86,"4,977,710,080","65,129,109,277"
21-Dec-17,820.24,880.54,792.69,821.06,"3,569,060,096","79,221,896,341"
20-Dec-17,827.52,845.06,756,819.09,"3,969,939,968","79,014,430,828"
19-Dec-17,793.9,881.94,785.34,826.82,"4,096,549,888","79,743,740,362"
18-Dec-17,721.73,803.93,689.23,794.65,"3,249,230,080","76,623,897,492"
17-Dec-17,696.24,735.83,696.24,719.97,"2,147,389,952","69,409,025,338"
16-Dec-17,686.19,718.39,680.79,696.21,"2,165,690,112","67,103,695,920"
15-Dec-17,696.38,697.13,621.06,684.45,"2,758,710,016","65,956,174,321"
14-Dec-17,700.59,753.12,664.99,695.82,"3,821,580,032","67,036,917,107"
13-Dec-17,644.91,747.99,597.8,702.77,"4,524,539,904","67,692,231,422"
12-Dec-17,522.29,657.32,504.49,651.43,"5,179,829,760","62,733,982,232"
11-Dec-17,440.36,516.97,439.1,515.14,"1,771,440,000","49,597,927,198"
10-Dec-17,472.79,472.79,429.51,441.72,"1,404,179,968","42,520,479,602"
9-Dec-17,457.34,504.15,456.25,473.5,"2,003,849,984","45,570,080,683"
8-Dec-17,434.99,466.06,422.37,456.03,"2,336,379,904","43,879,256,076"
7-Dec-17,426.37,441.4,414.41,434.41,"2,129,570,048","41,789,848,007"
6-Dec-17,462.6,462.71,420.21,428.59,"1,998,259,968","41,220,997,942"
5-Dec-17,470.29,473.56,457.66,463.28,"1,216,720,000","44,548,159,326"
4-Dec-17,466.05,474.78,453.31,470.2,"1,005,550,016","45,204,145,125"
3-Dec-17,463.7,482.81,451.85,465.85,"990,556,992","44,776,362,724"
2-Dec-17,466.85,476.24,456.65,463.45,"943,649,984","44,535,863,933"
1-Dec-17,445.21,472.61,428.31,466.54,"1,247,879,936","44,823,457,369"
30-Nov-17,431.21,465.5,401.24,447.11,"1,903,040,000","42,947,937,239"
29-Nov-17,473.28,522.31,425.07,427.52,"2,675,940,096","41,057,383,009"
28-Nov-17,480.52,482.48,466.35,472.9,"1,346,499,968","45,405,717,909"
27-Nov-17,471.53,493.4,468.48,480.36,"1,396,480,000","46,111,561,438"
26-Nov-17,465.97,472.72,451.61,471.33,"1,197,779,968","45,235,644,662"
25-Nov-17,475.68,485.19,461.05,466.28,"1,422,080,000","44,741,093,552"
24-Nov-17,412.5,480.97,402.76,474.91,"2,292,829,952","45,560,021,462"
23-Nov-17,381.44,425.55,376.09,410.17,"1,845,680,000","39,340,408,036"
22-Nov-17,360.31,381.42,360.15,380.65,"800,819,008","36,501,878,925"
21-Nov-17,367.44,372.47,350.69,360.4,"949,912,000","34,552,559,750"
20-Nov-17,354.09,372.14,353.29,366.73,"807,027,008","35,151,847,933"
19-Nov-17,347.4,371.29,344.74,354.39,"1,181,529,984","33,961,430,090"
18-Nov-17,331.98,349.62,327.69,347.61,"649,638,976","33,305,160,559"
17-Nov-17,330.17,334.96,327.52,332.39,"621,732,992","31,840,349,187"
16-Nov-17,333.44,336.16,323.61,330.92,"797,254,016","31,692,795,453"
15-Nov-17,337.96,340.91,329.81,333.36,"722,665,984","31,919,060,540"
14-Nov-17,316.76,340.18,316.76,337.63,"1,069,680,000","32,321,383,639"
13-Nov-17,307.02,328.42,307.02,316.72,"1,041,889,984","30,312,834,756"
12-Nov-17,314.69,319.15,298.51,307.91,"1,613,479,936","29,463,540,579"
11-Nov-17,298.59,319.45,298.19,314.68,"842,300,992","30,105,285,828"
10-Nov-17,320.67,324.72,294.54,299.25,"885,985,984","28,623,188,738"
9-Nov-17,308.64,329.45,307.06,320.88,"893,249,984","30,685,584,327"
8-Nov-17,294.27,318.7,293.1,309.07,"967,955,968","29,549,552,409"
7-Nov-17,298.57,304.84,290.77,294.66,"540,766,016","28,165,778,801"
6-Nov-17,296.43,305.42,293.72,298.89,"579,358,976","28,564,296,472"
5-Nov-17,300.04,301.37,295.12,296.26,"337,657,984","28,307,052,341"
4-Nov-17,305.48,305.48,295.8,300.47,"416,479,008","28,702,737,365"
3-Nov-17,288.5,308.31,287.69,305.71,"646,339,968","29,197,317,355"
2-Nov-17,290.73,293.91,281.17,287.43,"904,900,992","27,445,442,368"
1-Nov-17,305.76,306.4,290.58,291.69,"553,864,000","27,846,764,494"
31-Oct-17,307.38,310.55,305.88,305.88,"369,583,008","29,194,751,985"
30-Oct-17,304.78,310.5,304.35,307.75,"331,441,984","29,367,079,933"
29-Oct-17,296.38,313.76,296.38,305.09,"551,752,000","29,106,827,254"
28-Oct-17,297.92,300.36,293.58,296.3,"264,424,000","28,262,202,960"
27-Oct-17,296.51,299.26,294.06,297.42,"257,168,992","28,363,439,564"
26-Oct-17,298.02,301.07,295.22,296.53,"270,272,992","28,271,925,666"
25-Oct-17,298.44,301.85,290.72,297.92,"325,040,000","28,399,185,652"
24-Oct-17,287.12,311.96,282.66,298.33,"684,281,024","28,431,576,038"
23-Oct-17,295.1,295.75,277.58,286.95,"482,336,000","27,341,319,876"
22-Oct-17,300.55,305.5,292.81,295.45,"327,387,008","28,144,794,782"
21-Oct-17,303.57,303.93,291.77,300.19,"408,014,016","28,590,314,194"
20-Oct-17,308.05,311.44,303.49,304.01,"396,672,992","28,947,916,800"
19-Oct-17,314.54,316.71,305.83,308.09,"349,830,016","29,330,304,837"
18-Oct-17,316.94,317.24,290.64,314.32,"606,113,984","29,917,084,625"
17-Oct-17,333.48,333.48,311.79,317.08,"509,924,000","30,173,609,812"
16-Oct-17,336.71,349.35,332.04,333.38,"692,884,992","31,718,200,756"
15-Oct-17,339.53,342.72,320.43,336.6,"635,406,976","32,018,244,067"
14-Oct-17,338.85,347.98,334.7,339.63,"516,561,984","32,301,459,659"
13-Oct-17,304.08,348.6,299.66,338.76,"1,304,359,936","32,213,441,854"
12-Oct-17,303.5,309.15,303.29,304.14,"527,556,992","28,916,525,240"
11-Oct-17,301.18,304.39,299.1,303.46,"264,146,000","28,847,211,568"
10-Oct-17,297.6,306.15,293.17,299.87,"359,705,984","28,501,667,385"
9-Oct-17,308.67,309.31,288.18,297.39,"559,467,008","28,261,533,648"
8-Oct-17,311.06,312.54,308.03,308.61,"293,167,008","29,322,710,612"
7-Oct-17,308.89,313.13,304.98,311.12,"342,204,992","29,557,048,403"
6-Oct-17,295.15,308.84,294.95,308.59,"318,664,000","29,311,483,315"
5-Oct-17,292.77,298.04,288.84,295.86,"253,747,008","28,098,336,333"
4-Oct-17,292.75,299.39,290.89,292.66,"257,906,000","27,789,444,567"
3-Oct-17,297.48,300.11,288.13,292.46,"321,680,000","27,766,443,809"
2-Oct-17,302.48,302.92,294.58,297.48,"339,443,008","28,237,763,674"
1-Oct-17,301.55,303.19,295.06,302.34,"306,184,992","28,694,730,559"
30-Sep-17,291.48,303.96,291.11,301.46,"332,439,008","28,607,406,298"
29-Sep-17,299.12,299.92,279.77,291.47,"541,374,976","27,654,290,280"
28-Sep-17,306.47,307.2,295.47,299.15,"501,894,016","28,379,292,201"
27-Sep-17,287.02,308.02,286.82,306.47,"550,243,968","29,068,342,956"
26-Sep-17,292.35,293.75,287.02,287.44,"345,800,992","27,259,015,800"
25-Sep-17,282.22,293.52,281.88,292.33,"483,160,992","27,718,684,465"
24-Sep-17,286.21,292.95,278.13,282.48,"571,411,008","26,780,610,986"
23-Sep-17,264.6,286.17,261.12,286.17,"450,934,016","27,125,537,826"
22-Sep-17,258.11,270.54,256.22,264.31,"430,080,992","25,049,676,632"
21-Sep-17,283.26,286.61,255.02,258.58,"601,265,984","24,502,550,354"
20-Sep-17,282.02,290.89,278.05,283.74,"421,404,000","26,881,372,918"
19-Sep-17,293.66,295.77,274.48,282.8,"646,908,992","26,787,085,258"
18-Sep-17,252.23,293.5,252.23,293.5,"1,127,750,016","27,794,233,413"
17-Sep-17,245.85,257,235.24,251.75,"427,452,000","23,835,888,183"
16-Sep-17,250.87,262.59,238.22,246.52,"711,737,024","23,336,257,868"
15-Sep-17,215.22,258.65,195.04,250.46,"1,935,699,968","23,704,566,170"
14-Sep-17,276.59,280.84,213.91,213.91,"1,184,589,952","20,240,633,669"
13-Sep-17,291.12,291.12,260.61,277.11,"921,692,032","26,215,830,135"
12-Sep-17,294.63,311.2,287.23,291.46,"753,144,000","27,568,017,613"
11-Sep-17,289.74,300.69,286.68,294.53,"571,307,008","27,852,586,150"
10-Sep-17,294.06,294.76,268.97,288.75,"698,326,016","27,300,089,799"
9-Sep-17,296.17,299.89,287.22,294.4,"528,620,992","27,829,435,118"
8-Sep-17,329.64,329.64,285.16,296.5,"1,098,780,032","28,021,550,341"
7-Sep-17,333.52,333.52,319.94,329.43,"718,624,000","31,127,463,390"
6-Sep-17,313.8,334.66,313.49,334.34,"1,058,830,016","31,584,914,370"
5-Sep-17,297.57,318.57,268.29,312.99,"1,551,049,984","29,562,162,666"
4-Sep-17,347.13,347.13,279.94,295.17,"1,801,689,984","27,873,682,151"
3-Sep-17,350.23,366.49,332.23,347.48,"986,265,984","32,807,142,041"
2-Sep-17,387.82,389.35,328.1,348.98,"1,483,600,000","32,942,250,738"
1-Sep-17,383.47,390.04,383.47,387.74,"874,222,016","36,593,410,761"
31-Aug-17,378.44,386.14,376.35,383.04,"706,254,016","36,142,706,814"
30-Aug-17,369.47,388.75,361.97,378.48,"1,333,319,936","35,705,639,885"
29-Aug-17,347.96,373.76,347.79,370.67,"1,220,029,952","34,961,063,278"
28-Aug-17,350.04,352.05,338.41,347.75,"854,318,976","32,792,635,350"
27-Aug-17,334.36,347.89,334.36,347.89,"633,369,984","32,799,991,739"
26-Aug-17,331.99,334.98,327.92,333.88,"514,180,992","31,472,781,162"
25-Aug-17,326.11,336.4,325.8,331.92,"760,329,024","31,281,210,162"
24-Aug-17,317.45,327.96,317.08,325.61,"697,665,024","30,680,964,300"
23-Aug-17,315.27,324.21,314.54,317.52,"811,990,016","29,911,326,162"
22-Aug-17,321.05,327.36,297.91,314.79,"1,336,400,000","29,646,659,314"
21-Aug-17,300.48,347.05,297.23,321.59,"2,448,969,984","30,280,406,340"
20-Aug-17,296.64,301.43,291.58,301.43,"571,947,008","28,375,046,491"
19-Aug-17,296.18,301.67,286.18,297.47,"860,201,984","27,995,885,731"
18-Aug-17,301.7,307.96,292.5,295.59,"936,160,000","27,812,276,026"
17-Aug-17,302.8,311.03,300.25,301.46,"909,494,016","28,357,573,570"
16-Aug-17,289.82,303.41,285.39,302.27,"967,643,008","28,426,961,863"
15-Aug-17,299.95,300.41,279.33,289.82,"1,051,800,000","27,249,639,651"
14-Aug-17,298.03,306.81,296.41,300.1,"864,390,976","28,209,451,117"
13-Aug-17,310.37,310.82,289.31,298.06,"1,369,369,984","28,011,760,531"
12-Aug-17,308.71,317.56,307.9,310.6,"1,111,650,048","29,183,139,234"
11-Aug-17,294.49,309.21,294.49,308.86,"953,576,000","29,013,166,489"
10-Aug-17,296.96,306.59,289.93,295.89,"1,076,819,968","27,788,165,832"
9-Aug-17,297.63,318.72,276.69,296.03,"2,638,579,968","27,794,475,648"
8-Aug-17,269.1,298.91,266.8,296.77,"1,502,409,984","27,857,712,299"
7-Aug-17,261.24,271.96,256.69,269.18,"935,726,976","25,262,099,071"
6-Aug-17,256.42,271.05,252.85,261.57,"1,482,979,968","24,541,904,159"
5-Aug-17,222.85,256.51,221.95,256.51,"1,332,999,936","24,061,766,194"
4-Aug-17,225.31,227.62,222.06,223.07,"539,782,976","20,920,682,038"
3-Aug-17,220.18,228.29,219.89,225.34,"557,217,024","21,128,736,918"
2-Aug-17,227.01,229.51,218.12,219.95,"632,606,016","20,618,746,852"
1-Aug-17,204.69,227.74,204.69,226.77,"1,585,330,048","21,252,988,047"
31-Jul-17,197.4,203.87,193.41,203.87,"569,414,016","19,102,596,755"
30-Jul-17,206.74,208.54,196.15,197.98,"596,233,984","18,545,669,554"
29-Jul-17,193.34,208.68,179.65,205.79,"824,355,008","19,272,280,500"
28-Jul-17,204.32,204.9,192.3,193.12,"562,571,008","18,081,289,103"
27-Jul-17,204.86,206.44,201.26,204.32,"393,283,008","19,124,468,250"
26-Jul-17,207.09,210.77,194.78,203.95,"717,692,032","19,085,332,800"
25-Jul-17,224.37,225.32,195.85,206.71,"1,095,760,000","19,338,262,506"
24-Jul-17,226.29,227.54,222.45,224.71,"431,691,008","21,016,755,177"
23-Jul-17,229.12,231.68,217.72,225.95,"649,614,976","21,127,295,409"
22-Jul-17,217.86,232.7,216.87,229.48,"618,259,968","21,451,273,566"
21-Jul-17,226.06,235.12,213.01,218.3,"1,006,129,984","20,401,709,506"
20-Jul-17,205.42,233.9,203.22,227.26,"2,224,999,936","21,233,651,866"
19-Jul-17,234.94,245.65,191.74,199.7,"2,328,790,016","18,653,610,729"
18-Jul-17,195.03,267.99,182.06,234.39,"2,709,260,032","21,887,962,776"
17-Jul-17,159.99,194.75,158.04,193.42,"1,669,500,032","18,057,735,704"
16-Jul-17,169.57,172.01,133.72,157.36,"1,516,889,984","14,687,441,605"
15-Jul-17,199.71,200.16,170.65,170.65,"810,451,968","15,923,953,593"
14-Jul-17,209.53,211.1,187.37,199.66,"749,382,016","18,625,794,688"
13-Jul-17,231.81,231.81,200.07,209.73,"828,489,024","19,560,300,930"
12-Jul-17,197.15,230.77,189.59,230.77,"1,241,190,016","21,517,152,174"
11-Jul-17,211.52,220.29,183.39,197.4,"1,440,950,016","18,401,040,701"
10-Jul-17,243.01,243.07,196.96,215.36,"937,219,008","20,069,373,698"
9-Jul-17,251.82,255.1,242.14,242.14,"505,118,016","22,559,120,946"
8-Jul-17,245.89,273.48,236.55,251.7,"754,958,016","23,443,013,086"
7-Jul-17,270.35,273.94,244.17,245.99,"687,251,968","22,900,134,646"
6-Jul-17,268.86,278.48,265.51,270.55,"623,080,000","25,179,348,911"
5-Jul-17,273.1,275.13,261.45,268.77,"790,256,000","25,011,710,285"
4-Jul-17,282.19,287.39,273.11,273.3,"687,691,008","25,425,860,777"
3-Jul-17,288.41,291.1,281.18,282.9,"851,408,000","26,310,761,677"
2-Jul-17,275.12,295.51,262.52,287.99,"1,123,330,048","26,776,243,984"
1-Jul-17,293.35,293.75,268.62,274.6,"1,089,200,000","25,524,313,603"
30-Jun-17,303.15,315.17,288.44,294.92,"1,011,800,000","27,404,731,861"
29-Jun-17,328.37,330.71,297.37,302.88,"1,508,579,968","28,136,918,558"
28-Jun-17,293.04,333.1,276.41,327.93,"2,056,550,016","30,454,577,323"
27-Jun-17,272.69,293.09,227.14,293.09,"1,973,869,952","27,211,279,055"
26-Jun-17,302.95,311.46,238.65,272.69,"2,081,810,048","25,309,759,968"
25-Jun-17,323.47,332.79,284.65,303.25,"1,186,880,000","28,138,409,364"
24-Jun-17,341.63,343.62,322.09,323.7,"673,585,024","30,027,238,696"
23-Jun-17,336.48,348.01,334.99,341.74,"593,206,976","31,691,908,924"
22-Jun-17,337.73,342.03,330.62,336.37,"925,766,976","31,185,326,164"
21-Jun-17,359.54,361.34,319.48,336.87,"1,420,130,048","31,222,823,000"
20-Jun-17,370.33,377.97,350.94,359.01,"1,020,390,016","33,260,958,885"
19-Jun-17,371.86,377.11,369.76,370.06,"685,171,968","34,278,915,230"
18-Jun-17,379.52,390.58,368.84,371.46,"904,702,976","34,398,150,201"
17-Jun-17,369.88,379.41,364,379.41,"904,652,992","35,124,053,707"
16-Jun-17,361.18,373.05,341.42,370.23,"1,096,280,064","34,263,095,462"
15-Jun-17,358.51,364.44,300.7,361.93,"2,463,450,112","33,485,258,152"
14-Jun-17,397.59,399.32,342.21,359.05,"1,272,579,968","33,208,658,542"
13-Jun-17,395.69,411.18,370.06,397.54,"1,717,379,968","36,756,801,123"
12-Jun-17,341.16,414.76,341.16,401.49,"2,882,650,112","37,110,948,644"
11-Jun-17,338.79,353.01,318.17,340.61,"1,373,219,968","31,473,965,821"
10-Jun-17,282.01,350.26,282.01,337.67,"1,611,629,952","31,192,780,483"
9-Jun-17,261.75,282.76,261.75,281.74,"557,985,984","26,018,098,658"
8-Jun-17,257.99,262.25,253.98,261.67,"385,494,016","24,157,329,921"
7-Jun-17,264.26,264.67,254.04,258.07,"461,648,992","23,818,300,202"
6-Jun-17,248.6,267.51,246.84,264.47,"741,553,024","24,401,181,121"
5-Jun-17,245.26,249.47,243.05,248.46,"435,660,000","22,917,910,489"
4-Jun-17,224.12,250.41,223.98,245.33,"753,820,032","22,622,207,553"
3-Jun-17,223.46,225.97,219.42,224.38,"427,896,000","20,683,715,605"
2-Jun-17,222.29,229.41,219.58,223.77,"469,532,000","20,622,162,299"
1-Jun-17,230.89,236.22,214.48,222.24,"812,924,032","20,474,652,879"
31-May-17,231.58,236.96,215.57,230.67,"1,271,600,000","21,244,817,139"
30-May-17,195.61,233.71,189.29,231.91,"1,586,669,952","21,352,550,184"
29-May-17,170.13,197.13,164.53,194.91,"718,828,032","17,939,882,189"
28-May-17,158.82,179.93,157.6,170.51,"717,971,008","15,689,192,548"
27-May-17,159.82,166.95,120.44,157.76,"1,217,059,968","14,511,207,045"
26-May-17,175.22,193.69,150.28,160.4,"792,457,984","14,749,889,600"
25-May-17,189.85,210.98,170.51,174.45,"943,636,992","16,036,165,877"
24-May-17,182.65,228.37,182.45,190.05,"561,014,016","17,464,735,543"
23-May-17,170.82,183.55,169.93,181.95,"530,708,992","16,715,702,521"
22-May-17,158.17,201.75,152.47,174.26,"1,188,909,952","16,004,156,112"
21-May-17,127.54,159.03,125.89,157.94,"570,361,024","14,500,421,529"
20-May-17,129.22,133.64,124.7,126.52,"331,455,008","11,612,447,946"
19-May-17,97.05,133.56,97.05,129.53,"626,945,024","11,884,632,930"
18-May-17,89.84,97.37,89.84,96.91,"196,236,992","8,888,797,357"
17-May-17,89.25,91.27,84.43,89.86,"183,031,008","8,239,948,169"
16-May-17,92.39,93.56,89.12,89.44,"152,284,992","8,198,722,531"
15-May-17,90.78,95.43,86.83,92.41,"170,999,008","8,468,960,166"
14-May-17,90.87,91.25,89.61,90.79,"66,046,600","8,317,148,601"
13-May-17,88.69,93.81,86.66,90.84,"88,742,200","8,319,066,651"
12-May-17,89.43,93.12,88.66,88.66,"145,824,992","8,116,816,184"
11-May-17,89.77,102.55,88.48,89.88,"132,722,000","8,226,220,249"
10-May-17,91.15,92.85,85.29,89.52,"145,602,000","8,191,083,680"
9-May-17,91.23,93.06,80.39,91.16,"363,433,984","8,338,258,352"
8-May-17,93.75,95.14,89.51,91.42,"231,344,000","8,359,085,414"
7-May-17,97.87,98.24,89.87,94.01,"183,295,008","8,592,854,298"
6-May-17,94.91,97.88,90.95,97.81,"151,462,000","8,937,843,151"
5-May-17,96.73,103.23,92.22,94.4,"331,928,000","8,622,992,171"
4-May-17,79.72,97.56,79.43,96.98,"366,847,008","8,856,050,446"
3-May-17,77.25,80.1,75.76,79.72,"141,922,000","7,277,279,246"
2-May-17,76.65,79.35,74.38,77.26,"193,772,992","7,050,941,746"
1-May-17,79.32,82.52,73.09,76.3,"376,841,984","6,960,466,482"
30-Apr-17,68.54,79.02,68.35,79.02,"229,944,992","7,206,669,917"
29-Apr-17,71.39,71.9,66.78,68.38,"165,448,000","6,233,911,088"
28-Apr-17,62.23,70.85,62.13,70.16,"346,545,984","6,394,355,247"
27-Apr-17,52.81,62.17,52.29,62.17,"246,775,008","5,664,157,655"
26-Apr-17,49.91,53.44,49.91,52.72,"104,884,000","4,801,851,008"
25-Apr-17,50.07,50.3,49.81,49.89,"38,264,600","4,542,708,761"
24-Apr-17,48.87,50.18,48.87,50.03,"55,580,600","4,553,943,109"
23-Apr-17,48.59,48.89,48.17,48.49,"36,234,000","4,412,126,295"
22-Apr-17,48.18,48.74,48.17,48.55,"37,357,600","4,416,442,028"
21-Apr-17,49.64,49.66,48.14,48.22,"45,048,300","4,385,105,012"
20-Apr-17,48.13,49.99,48.13,49.67,"79,600,896","4,515,241,563"
19-Apr-17,50.73,50.95,47.26,48.31,"76,281,000","4,389,519,738"
18-Apr-17,48.32,51.03,48.3,50.71,"78,748,496","4,606,307,174"
17-Apr-17,48.66,48.75,48.05,48.3,"44,013,300","4,386,552,041"
16-Apr-17,49.04,49.14,48.19,48.72,"31,343,800","4,422,644,315"
15-Apr-17,47.65,49.57,47.18,49.1,"66,207,800","4,455,916,490"
14-Apr-17,49.97,50.05,46.76,47.57,"91,674,400","4,315,878,957"
13-Apr-17,46.31,50.91,46.31,50.22,"157,200,000","4,554,299,452"
12-Apr-17,43.46,47.23,43.11,46.29,"88,045,696","4,196,302,994"
11-Apr-17,43.5,44.25,43.3,43.41,"38,303,300","3,933,886,291"
10-Apr-17,43.28,44.14,42.42,43.44,"44,061,500","3,935,103,268"
9-Apr-17,44.28,44.49,42.89,43.27,"55,143,000","3,918,563,431"
8-Apr-17,41.8,45.21,41.73,44.31,"74,138,800","4,011,422,381"
7-Apr-17,42.87,44.04,41.65,42.16,"81,474,704","3,815,963,046"
6-Apr-17,45.22,45.64,40.9,43.24,"147,120,000","3,912,317,959"
5-Apr-17,44.66,47.84,44.54,45.3,"119,733,000","4,097,477,788"
4-Apr-17,43.92,45.74,41.72,44.64,"157,568,000","4,036,201,194"
3-Apr-17,48.82,48.82,43.41,44.36,"190,512,992","4,009,009,196"
2-Apr-17,50.74,51.27,45.43,48.75,"134,604,000","4,404,475,423"
1-Apr-17,50.03,51.93,48.88,50.7,"92,461,904","4,579,187,936"
31-Mar-17,51.75,51.77,47.38,50.04,"151,416,000","4,517,835,716"
30-Mar-17,53.12,53.31,51.87,52.21,"86,885,696","4,711,996,588"
29-Mar-17,50.57,53.87,50.55,53.13,"144,998,000","4,793,424,049"
28-Mar-17,49.71,50.96,49.15,50.77,"97,745,296","4,579,693,493"
27-Mar-17,51.31,52.46,48.93,49.67,"118,978,000","4,478,238,274"
26-Mar-17,50.77,51.8,49.28,50.52,"106,859,000","4,553,738,462"
25-Mar-17,53.58,53.58,48.31,51.25,"223,059,008","4,617,794,703"
24-Mar-17,43.64,54.14,43.21,53.11,"297,046,016","4,783,511,280"
23-Mar-17,42.57,44.75,41.3,43.68,"100,724,000","3,932,863,932"
22-Mar-17,43.12,43.52,39.69,42.34,"113,952,000","3,811,229,796"
21-Mar-17,43.51,44.26,42.37,43.15,"91,265,400","3,882,154,700"
20-Mar-17,44.83,46.23,42.44,43.39,"154,700,992","3,902,862,599"
19-Mar-17,35.53,47,35.34,44.74,"239,430,000","4,022,867,100"
18-Mar-17,46.87,46.87,31.7,34.16,"262,180,000","3,070,500,515"
17-Mar-17,45.93,55.11,38.21,46.83,"497,534,016","4,207,676,009"
16-Mar-17,35.36,47.17,35.36,46.35,"454,417,984","4,162,873,752"
15-Mar-17,28.65,35.06,28.43,35.06,"170,344,000","3,147,689,118"
14-Mar-17,28.57,29.93,27.32,28.65,"101,797,000","2,572,014,998"
13-Mar-17,23.5,30.6,23.5,28.59,"255,488,000","2,565,583,285"
12-Mar-17,21.46,23.44,21.38,23.44,"74,628,896","2,102,276,260"
11-Mar-17,19.37,21.59,19.01,21.47,"69,150,096","1,925,342,939"
10-Mar-17,17.74,19.66,17.68,19.33,"87,506,800","1,732,837,145"
9-Mar-17,16.64,17.87,16.37,17.75,"31,418,400","1,590,879,625"
8-Mar-17,18.88,18.88,16.65,16.65,"44,304,600","1,491,498,830"
7-Mar-17,19.58,19.63,18.64,18.89,"37,972,200","1,691,307,055"
6-Mar-17,19.28,20.1,19.11,19.61,"32,432,700","1,754,907,794"
5-Mar-17,18.5,19.42,18.23,19.3,"26,816,300","1,727,148,626"
4-Mar-17,19.52,20.06,18.62,18.62,"27,341,900","1,665,411,583"
3-Mar-17,19.04,20.67,18.41,19.46,"95,863,400","1,739,949,803"
2-Mar-17,17.36,19.35,16.95,19.03,"83,627,104","1,701,011,948"
1-Mar-17,15.85,17.37,15.56,17.35,"44,927,500","1,550,251,865"
28-Feb-17,15.45,16.06,15.12,15.82,"65,478,900","1,412,825,288"
27-Feb-17,14.51,15.68,14.27,15.4,"31,667,000","1,374,757,041"
26-Feb-17,13.52,14.54,13.4,14.52,"20,307,500","1,296,040,794"
25-Feb-17,13.06,13.72,12.98,13.55,"18,533,900","1,208,911,983"
24-Feb-17,13.13,13.23,12.88,13.07,"19,574,400","1,165,715,765"
23-Feb-17,12.6,13.21,12.56,13.12,"14,522,300","1,169,783,161"
22-Feb-17,12.69,12.76,12.55,12.6,"10,360,900","1,123,050,433"
21-Feb-17,12.34,12.77,12.21,12.67,"15,183,300","1,128,781,640"
20-Feb-17,12.77,12.9,12.43,12.43,"12,994,400","1,107,158,285"
19-Feb-17,12.82,12.87,12.71,12.76,"7,799,740","1,136,008,890"
18-Feb-17,12.71,12.83,12.68,12.81,"9,370,010","1,140,211,197"
17-Feb-17,12.9,12.91,12.66,12.68,"11,636,500","1,127,915,204"
16-Feb-17,12.92,12.92,12.54,12.9,"38,002,600","1,147,726,668"
15-Feb-17,13.04,13.04,12.64,12.92,"18,464,700","1,148,742,628"
14-Feb-17,11.29,13.33,11.29,13.03,"42,911,500","1,157,709,435"
13-Feb-17,11.38,11.39,11.17,11.27,"7,216,520","1,001,304,093"
12-Feb-17,11.35,11.4,11.3,11.4,"6,264,900","1,012,466,457"
11-Feb-17,11.29,11.43,11.24,11.35,"7,544,520","1,007,694,076"
10-Feb-17,11.05,11.34,10.78,11.28,"11,914,200","1,001,069,228"
9-Feb-17,11.44,11.6,10.67,11.03,"18,400,300","978,825,690"
8-Feb-17,11.54,11.63,11.24,11.43,"9,688,630","1,013,867,331"
7-Feb-17,11.43,11.61,11.41,11.52,"7,629,640","1,020,961,130"
6-Feb-17,11.35,11.48,11.34,11.39,"5,695,440","1,009,440,330"
5-Feb-17,11.44,11.49,11.32,11.35,"5,942,960","1,005,855,021"
4-Feb-17,11.13,11.5,11.13,11.43,"14,139,500","1,012,625,893"
3-Feb-17,10.81,11.11,10.76,11.11,"12,897,800","984,019,776"
2-Feb-17,10.74,10.89,10.55,10.82,"10,172,500","957,731,836"
1-Feb-17,10.74,10.85,10.56,10.73,"12,852,200","949,491,718"
31-Jan-17,10.56,10.75,10.55,10.73,"11,648,700","948,748,952"
30-Jan-17,10.49,10.71,10.47,10.57,"8,042,180","934,593,362"
29-Jan-17,10.56,10.57,10.45,10.48,"4,689,950","926,548,657"
28-Jan-17,10.54,10.58,10.43,10.56,"6,580,700","933,378,690"
27-Jan-17,10.58,10.61,10.44,10.54,"7,189,170","930,599,699"
26-Jan-17,10.57,10.67,10.51,10.59,"8,465,020","934,844,928"
25-Jan-17,10.62,10.62,10.48,10.57,"6,751,450","932,866,678"
24-Jan-17,10.73,10.77,10.57,10.63,"8,327,330","938,004,330"
23-Jan-17,10.71,10.84,10.67,10.82,"7,267,210","954,275,900"
22-Jan-17,10.91,10.97,10.58,10.7,"8,678,620","943,567,856"
21-Jan-17,10.6,10.98,10.58,10.91,"11,937,600","961,383,820"
20-Jan-17,10.39,10.76,10.35,10.6,"10,992,800","933,854,252"
19-Jan-17,10.24,10.44,10.18,10.4,"8,347,550","915,611,849"
18-Jan-17,10.3,10.52,9.94,10.23,"10,788,200","900,365,728"
17-Jan-17,9.64,10.61,9.54,10.3,"18,391,900","906,597,925"
16-Jan-17,9.88,9.93,9.58,9.64,"14,937,400","847,706,513"
15-Jan-17,9.83,10,9.6,9.9,"14,837,900","870,948,977"
14-Jan-17,9.79,9.89,9.44,9.65,"20,085,800","847,990,590"
13-Jan-17,9.83,9.85,9.51,9.77,"25,066,600","858,481,082"
12-Jan-17,9.72,10.08,9.18,9.86,"30,453,800","866,237,622"
11-Jan-17,10.54,10.66,9.46,9.72,"26,823,500","853,319,722"
10-Jan-17,10.37,10.69,10.29,10.55,"10,879,700","926,031,183"
9-Jan-17,10.31,10.78,10.14,10.33,"25,718,300","906,044,584"
8-Jan-17,9.87,10.39,9.83,10.29,"16,676,600","902,576,769"
7-Jan-17,10.24,10.28,9.59,9.87,"23,153,600","865,194,523"
6-Jan-17,10.29,10.63,9.63,10.25,"29,471,800","898,845,928"
5-Jan-17,11.29,11.89,9.4,10.25,"41,557,400","898,497,892"
4-Jan-17,9.71,11.28,9.56,11.25,"41,051,200","985,515,893"
3-Jan-17,8.37,10,8.32,9.73,"33,625,200","851,512,055"
2-Jan-17,8.17,8.44,8.05,8.38,"14,579,600","733,331,654"
1-Jan-17,7.98,8.47,7.98,8.17,"14,731,700","715,049,208"
31-Dec-16,8.15,8.16,7.91,7.97,"9,066,800","696,993,600"
30-Dec-16,8.29,8.47,8.05,8.16,"13,909,900","713,433,620"
29-Dec-16,7.54,8.53,7.54,8.28,"27,543,800","724,028,107"
28-Dec-16,7.15,7.62,7.08,7.52,"17,453,300","657,011,884"
27-Dec-16,7.28,7.32,7.09,7.17,"8,778,610","626,268,701"
26-Dec-16,7.13,7.33,7.05,7.27,"5,836,810","635,060,699"
25-Dec-16,7.26,7.34,7.14,7.18,"8,671,840","626,189,631"
24-Dec-16,7.15,7.41,7.15,7.27,"7,626,020","633,871,896"
23-Dec-16,7.58,7.69,7.16,7.17,"19,613,100","624,956,487"
22-Dec-16,7.9,7.91,7.5,7.59,"16,376,700","661,247,899"
21-Dec-16,7.66,7.94,7.66,7.91,"9,393,550","689,718,972"
20-Dec-16,7.63,7.75,7.57,7.66,"6,313,550","667,309,961"
19-Dec-16,7.87,7.87,7.63,7.64,"5,894,760","665,654,987"
18-Dec-16,7.86,7.93,7.72,7.87,"5,890,020","684,696,555"
17-Dec-16,7.86,7.9,7.52,7.88,"8,502,620","685,426,528"
16-Dec-16,7.86,7.93,7.8,7.86,"5,178,610","683,575,806"
15-Dec-16,8.24,8.24,7.72,7.83,"13,184,400","680,740,349"
14-Dec-16,8.45,8.52,8.25,8.27,"7,337,220","718,460,239"
13-Dec-16,8.52,8.53,8.35,8.42,"4,486,190","731,892,846"
12-Dec-16,8.19,8.61,8.17,8.52,"9,119,700","740,255,866"
11-Dec-16,8.13,8.27,8.1,8.19,"5,545,500","711,457,159"
10-Dec-16,8.44,8.53,8.02,8.13,"8,108,370","705,254,561"
9-Dec-16,8.17,8.67,8.05,8.45,"12,916,300","732,836,297"
8-Dec-16,8.38,8.86,8.23,8.23,"16,042,700","713,877,391"
7-Dec-16,7.89,8.54,7.33,8.38,"22,229,600","726,702,380"
6-Dec-16,6.8,7.92,5.98,7.87,"50,671,200","682,013,454"
5-Dec-16,7.41,7.64,6.66,6.82,"17,344,500","591,026,579"
4-Dec-16,7.9,7.95,7.44,7.44,"8,450,790","644,685,715"
3-Dec-16,7.77,8.15,7.67,7.92,"12,112,100","685,808,136"
2-Dec-16,8.46,8.46,7.42,7.76,"18,579,800","671,587,252"
1-Dec-16,8.6,8.65,8.36,8.45,"5,882,340","731,254,342"
30-Nov-16,8.16,8.75,8.16,8.59,"10,626,600","742,664,775"
29-Nov-16,8.73,8.74,7.88,8.17,"17,000,400","706,651,179"
28-Nov-16,9,9.01,8.72,8.72,"6,046,890","753,971,438"
27-Nov-16,9.31,9.33,8.78,9,"8,707,660","777,313,922"
26-Nov-16,9.42,9.5,9.31,9.33,"3,505,990","805,474,198"
25-Nov-16,9.23,9.75,9.21,9.4,"7,669,720","811,553,949"
24-Nov-16,9.85,9.85,8.93,9.23,"15,987,800","796,538,442"
23-Nov-16,9.92,9.96,9.76,9.84,"4,812,310","849,020,680"
22-Nov-16,9.63,10.24,9.59,9.91,"11,284,400","854,053,528"
21-Nov-16,9.58,9.64,9.54,9.62,"3,663,210","829,190,391"
20-Nov-16,9.66,9.71,9.52,9.58,"5,173,420","825,305,262"
19-Nov-16,9.48,9.75,9.48,9.66,"5,186,540","832,183,861"
18-Nov-16,9.99,10.01,9.48,9.48,"10,816,100","815,806,832"
17-Nov-16,10.06,10.19,9.92,9.99,"6,984,700","859,814,328"
16-Nov-16,10.22,10.33,9.93,10.06,"9,533,550","865,349,966"
15-Nov-16,9.97,10.32,9.85,10.22,"6,557,550","878,653,067"
14-Nov-16,10.1,10.16,9.96,9.97,"3,573,250","856,753,361"
13-Nov-16,9.89,10.41,9.84,10.1,"8,227,770","868,038,290"
12-Nov-16,10.29,10.34,9.7,9.88,"10,052,500","848,509,382"
11-Nov-16,10.51,10.57,10.26,10.29,"6,056,300","883,565,427"
10-Nov-16,10.67,10.68,10.51,10.52,"4,253,980","903,380,024"
9-Nov-16,10.82,10.83,10.22,10.66,"14,606,600","914,292,103"
8-Nov-16,10.85,10.92,10.74,10.83,"6,258,150","929,246,807"
7-Nov-16,10.9,10.96,10.78,10.81,"5,992,480","926,761,430"
6-Nov-16,10.99,11.25,10.85,10.87,"5,688,710","931,947,467"
5-Nov-16,11.09,11.24,10.88,11,"5,502,670","942,653,972"
4-Nov-16,10.82,11.12,10.82,11.09,"9,958,040","949,862,035"
3-Nov-16,10.8,11.11,10.76,10.8,"15,228,600","924,716,659"
2-Nov-16,10.77,11.16,10.69,10.75,"11,691,700","920,236,997"
1-Nov-16,10.96,11.18,10.3,10.77,"22,901,300","921,057,444"
31-Oct-16,11.23,11.5,10.94,11,"13,393,900","940,578,264"
30-Oct-16,10.43,11.45,10.29,11.18,"16,694,900","956,007,454"
29-Oct-16,11.1,11.2,9.56,10.44,"27,070,400","892,565,736"
28-Oct-16,11.47,11.58,10.95,11.09,"13,971,500","946,972,469"
27-Oct-16,11.53,11.61,11.26,11.5,"13,255,400","982,033,774"
26-Oct-16,11.38,11.66,11.38,11.53,"10,221,800","984,429,110"
25-Oct-16,11.97,11.99,11.15,11.41,"19,316,000","973,991,742"
24-Oct-16,12.04,12.1,11.91,11.97,"5,739,690","1,020,971,991"
23-Oct-16,12.13,12.14,11.94,12.04,"5,774,660","1,026,301,229"
22-Oct-16,12.18,12.19,11.95,12.07,"7,583,820","1,028,949,804"
21-Oct-16,12.13,12.21,12.02,12.18,"5,676,920","1,037,420,190"
20-Oct-16,12.05,12.29,12,12.1,"8,170,760","1,030,522,234"
19-Oct-16,12.59,12.62,11.91,12.02,"10,576,200","1,023,599,502"
18-Oct-16,12,12.93,12,12.59,"18,864,200","1,071,362,741"
17-Oct-16,11.96,12.03,11.86,12.01,"5,724,440","1,021,302,744"
16-Oct-16,11.98,12.01,11.93,11.95,"3,617,280","1,016,373,308"
15-Oct-16,11.94,12,11.78,11.98,"4,991,840","1,018,682,988"
14-Oct-16,11.99,12.07,11.9,11.94,"4,333,510","1,014,456,176"
13-Oct-16,11.91,12.13,11.78,11.96,"8,665,190","1,016,169,767"
12-Oct-16,11.78,12.07,11.71,11.93,"9,694,640","1,013,248,317"
11-Oct-16,11.76,12.16,11.75,11.79,"11,727,700","1,000,308,761"
10-Oct-16,12.06,12.06,11.62,11.76,"10,809,200","997,363,895"
9-Oct-16,12.22,12.36,11.98,12.05,"7,208,480","1,022,264,082"
8-Oct-16,12.67,12.69,12.05,12.22,"11,611,200","1,035,883,228"
7-Oct-16,12.85,12.99,12.53,12.67,"8,933,050","1,073,405,275"
6-Oct-16,13.03,13.14,12.69,12.85,"12,044,800","1,088,798,918"
5-Oct-16,13.28,13.35,13.04,13.04,"9,881,370","1,103,736,600"
4-Oct-16,13.45,13.53,13.21,13.28,"8,348,280","1,123,727,868"
3-Oct-16,13.2,13.49,13.19,13.45,"7,458,320","1,138,142,255"
2-Oct-16,13.18,13.3,13.14,13.2,"4,079,660","1,116,323,115"
1-Oct-16,13.2,13.31,13.05,13.17,"6,331,160","1,113,568,557"
30-Sep-16,13.08,13.34,13.02,13.22,"5,950,840","1,117,517,388"
29-Sep-16,13.28,13.34,13.07,13.07,"5,990,630","1,104,310,043"
28-Sep-16,13.11,13.48,13.08,13.27,"10,239,000","1,120,893,441"
27-Sep-16,12.86,13.21,12.86,13.1,"6,831,070","1,105,565,483"
26-Sep-16,13.17,13.17,12.74,12.82,"7,213,070","1,081,884,909"
25-Sep-16,12.85,13.11,12.8,13.1,"5,283,440","1,104,901,553"
24-Sep-16,13.32,13.34,12.68,12.88,"9,824,880","1,085,651,021"
23-Sep-16,13.21,13.45,13.1,13.33,"9,166,430","1,123,430,818"
22-Sep-16,13.66,13.66,12.48,13.25,"27,382,800","1,115,922,936"
21-Sep-16,14.43,14.43,13.17,13.77,"28,645,000","1,159,365,902"
20-Sep-16,13.21,14.43,13.12,14.43,"31,929,100","1,214,629,780"
19-Sep-16,12.44,13.19,12.42,13.19,"13,838,800","1,109,717,807"
18-Sep-16,12.69,12.99,12.16,12.43,"22,433,300","1,045,462,817"
17-Sep-16,12.56,12.76,12.44,12.7,"7,446,610","1,067,645,133"
16-Sep-16,11.96,12.75,11.9,12.56,"17,421,500","1,055,235,487"
15-Sep-16,11.94,12.14,11.92,11.94,"7,309,090","1,002,844,845"
14-Sep-16,11.9,12,11.86,11.92,"5,694,820","1,001,301,306"
13-Sep-16,11.89,12.09,11.88,11.92,"11,704,300","1,000,535,934"
12-Sep-16,11.64,11.95,11.61,11.89,"7,478,080","998,057,810"
11-Sep-16,12.21,12.21,11.59,11.64,"8,791,180","976,259,356"
10-Sep-16,11.66,12.22,11.54,12.17,"7,220,300","1,020,331,771"
9-Sep-16,11.41,11.68,11.39,11.65,"6,109,200","976,718,524"
8-Sep-16,11.55,11.7,11.25,11.35,"11,535,000","950,629,714"
7-Sep-16,11.69,11.73,11.52,11.55,"6,115,050","967,186,182"
6-Sep-16,11.73,11.73,11.47,11.69,"6,346,330","978,635,238"
5-Sep-16,11.68,11.81,11.59,11.72,"5,724,100","980,599,518"
4-Sep-16,11.75,11.79,11.47,11.68,"7,220,550","977,118,527"
3-Sep-16,12.11,12.36,11.35,11.76,"13,358,800","983,336,326"
2-Sep-16,11.96,12.31,11.88,12.11,"9,368,300","1,012,583,470"
1-Sep-16,11.67,12.58,11.65,11.99,"24,051,500","1,002,322,694"
31-Aug-16,11.24,11.68,11.18,11.67,"11,073,700","975,003,119"
30-Aug-16,10.99,11.3,10.96,11.23,"7,221,260","937,596,563"
29-Aug-16,10.92,11.15,10.79,10.98,"8,130,540","916,781,161"
28-Aug-16,11.15,11.15,10.92,10.93,"5,303,040","911,883,241"
27-Aug-16,11.29,11.29,11.14,11.15,"15,108,400","929,789,646"
26-Aug-16,11.35,11.45,11.21,11.3,"5,857,850","941,701,926"
25-Aug-16,11.03,11.39,11.02,11.36,"8,552,380","946,508,890"
24-Aug-16,11.02,11.15,11.01,11.04,"4,423,420","919,368,975"
23-Aug-16,11.14,11.23,10.9,11.03,"6,489,380","918,563,334"
22-Aug-16,11.19,11.34,11.07,11.12,"6,588,920","925,725,247"
21-Aug-16,11.25,11.25,10.99,11.18,"4,355,660","930,217,061"
20-Aug-16,10.75,11.3,10.75,11.25,"7,443,540","935,523,908"
19-Aug-16,10.75,10.8,10.73,10.75,"5,390,850","893,697,474"
18-Aug-16,10.75,11.01,10.74,10.76,"6,935,800","893,970,119"
17-Aug-16,11.13,11.15,10.75,10.75,"8,833,760","893,343,056"
16-Aug-16,11.23,11.24,11,11.14,"7,051,510","925,130,735"
15-Aug-16,11.2,11.31,11,11.22,"7,500,840","931,306,989"
14-Aug-16,11.58,11.69,11.1,11.19,"8,680,160","928,985,642"
13-Aug-16,11.77,11.79,11.51,11.57,"7,539,490","959,859,186"
12-Aug-16,11.69,12.04,11.64,11.78,"13,690,100","976,670,290"
11-Aug-16,12.14,12.27,11.63,11.69,"17,505,000","969,030,731"
10-Aug-16,12.23,12.46,11.98,12.14,"28,096,300","1,006,130,318"
9-Aug-16,11.27,12.45,11.2,12.24,"36,656,600","1,014,113,084"
8-Aug-16,10.91,11.33,10.86,11.25,"14,956,700","931,013,385"
7-Aug-16,10.86,11.09,10.78,10.91,"16,551,000","903,026,897"
6-Aug-16,10.92,10.94,10.29,10.88,"16,712,600","900,151,688"
5-Aug-16,11.02,11.18,10.76,10.93,"15,487,900","903,471,435"
4-Aug-16,10.31,11.29,10.16,11.04,"38,151,400","912,823,135"
3-Aug-16,8.88,10.42,8.88,10.29,"53,979,400","850,578,647"
2-Aug-16,10.95,11.14,8.2,8.79,"88,803,296","725,809,584"
1-Aug-16,11.89,12.01,10.94,10.94,"23,999,500","903,408,507"
31-Jul-16,12.44,12.51,11.55,11.88,"25,441,400","980,174,931"
30-Jul-16,12.8,12.8,12.46,12.46,"9,047,810","1,028,064,459"
29-Jul-16,12.84,12.87,12.55,12.79,"14,082,300","1,055,182,413"
28-Jul-16,12.98,12.99,12.49,12.84,"24,603,900","1,058,813,509"
27-Jul-16,12.05,13.31,11.84,12.97,"58,278,800","1,069,044,527"
26-Jul-16,13.82,13.85,11.73,11.99,"94,428,800","987,619,812"
25-Jul-16,12.74,13.86,12.68,13.84,"36,673,800","1,139,304,848"
24-Jul-16,14.3,14.44,12.32,12.75,"77,750,800","1,049,423,539"
23-Jul-16,14.67,14.9,14.05,14.3,"32,489,700","1,176,571,490"
22-Jul-16,12.66,14.81,12.54,14.66,"74,779,504","1,205,898,353"
21-Jul-16,12.46,12.71,11.99,12.65,"24,636,900","1,040,082,090"
20-Jul-16,11.59,12.99,11.57,12.45,"60,226,100","1,023,222,624"
19-Jul-16,11.05,12.01,11.01,11.62,"21,730,000","954,516,828"
18-Jul-16,11.17,11.61,10.95,11.03,"15,931,900","906,133,047"
17-Jul-16,11.62,11.67,11.01,11.16,"17,921,600","915,977,475"
16-Jul-16,11.92,11.94,11.59,11.65,"10,445,700","956,165,958"
15-Jul-16,11.5,12.43,11.49,11.95,"26,838,900","980,299,532"
14-Jul-16,10.6,11.68,10.6,11.51,"23,621,900","943,973,547"
13-Jul-16,10.51,10.59,10.4,10.5,"6,715,660","860,607,720"
12-Jul-16,10.45,10.76,10.43,10.52,"11,127,700","861,548,337"
11-Jul-16,10.94,11.01,10.26,10.46,"13,098,000","856,538,034"
10-Jul-16,10.96,11.01,10.78,10.95,"5,479,240","896,201,853"
9-Jul-16,11.42,11.46,10.73,10.97,"17,254,800","897,316,512"
8-Jul-16,10.12,11.52,9.96,11.39,"20,039,800","932,056,896"
7-Jul-16,10.54,10.57,9.8,10.11,"15,407,200","826,607,193"
6-Jul-16,10.58,11.11,10.28,10.53,"18,137,300","860,571,470"
5-Jul-16,11.46,11.52,9.58,10.61,"45,526,900","866,971,680"
4-Jul-16,11.7,11.88,11.39,11.47,"12,943,500","936,840,410"
3-Jul-16,12.12,12.15,11.59,11.72,"10,588,700","956,815,986"
2-Jul-16,12.22,12.22,11.95,12.13,"8,987,070","989,751,702"
1-Jul-16,12.44,12.49,11.73,12.2,"17,236,500","995,164,390"
30-Jun-16,12.6,12.74,12.25,12.46,"15,801,300","1,016,130,567"
29-Jun-16,12.17,13.04,11.69,12.61,"26,982,800","1,027,934,140"
28-Jun-16,13.93,13.98,11.72,12.18,"43,436,600","992,040,075"
27-Jun-16,13.81,14.12,13.75,13.88,"10,994,700","1,130,782,777"
26-Jun-16,14.26,14.37,13.66,13.85,"14,747,600","1,127,593,040"
25-Jun-16,14.3,14.58,14.02,14.28,"15,383,100","1,162,367,709"
24-Jun-16,13.68,14.57,13.22,14.33,"33,332,900","1,165,908,840"
23-Jun-16,13.22,13.79,12.56,13.68,"30,806,400","1,112,111,665"
22-Jun-16,13.2,15.79,13.1,13.1,"96,994,096","1,064,441,461"
21-Jun-16,11.82,13.42,11.29,13.31,"69,245,600","1,081,206,507"
20-Jun-16,12.24,12.45,10.52,11.84,"58,143,600","961,613,934"
19-Jun-16,11.17,13.18,10.64,12.23,"69,783,600","993,283,674"
18-Jun-16,15.38,15.38,9.96,11.33,"133,937,000","919,553,125"
17-Jun-16,20.65,21.52,13.57,15.38,"199,408,000","1,247,381,862"
16-Jun-16,18.36,20.83,18.36,20.59,"38,531,000","1,669,490,450"
15-Jun-16,18.91,18.91,17.71,18.35,"19,393,400","1,487,730,475"
14-Jun-16,17.61,19.27,17.3,18.89,"64,412,200","1,530,808,958"
13-Jun-16,15.77,17.64,15.72,17.6,"38,023,400","1,425,681,023"
12-Jun-16,14.19,15.9,14.19,15.74,"38,210,300","1,274,609,697"
11-Jun-16,13.91,14.19,13.72,14.19,"12,176,500","1,148,494,818"
10-Jun-16,14.38,14.43,13.82,13.91,"11,312,900","1,125,141,726"
9-Jun-16,14.43,14.57,14.34,14.4,"8,256,830","1,164,331,165"
8-Jun-16,14.51,14.78,14.28,14.42,"16,941,800","1,165,411,416"
7-Jun-16,13.95,14.51,13.81,14.51,"21,421,600","1,172,565,099"
6-Jun-16,14,14.06,13.73,13.93,"8,720,400","1,125,426,017"
5-Jun-16,13.76,14.07,13.57,13.98,"11,088,400","1,128,276,672"
4-Jun-16,13.86,13.95,13.42,13.74,"15,792,400","1,108,902,326"
3-Jun-16,13.74,13.87,13.25,13.85,"22,981,500","1,117,035,879"
2-Jun-16,13.99,14.05,13.63,13.74,"10,477,200","1,107,823,663"
1-Jun-16,14.11,14.32,13.44,14,"22,471,300","1,128,621,280"
31-May-16,12.74,14.27,12.64,14.08,"42,433,400","1,134,278,934"
30-May-16,12.33,12.88,12.27,12.73,"14,733,800","1,024,940,354"
29-May-16,12.11,12.69,11.78,12.35,"28,598,400","994,349,367"
28-May-16,11.33,12.36,10.37,11.89,"47,274,800","957,134,590"
27-May-16,12.39,12.39,10.5,11.3,"57,496,400","908,715,671"
26-May-16,12.52,12.99,12.06,12.43,"20,764,000","999,589,702"
25-May-16,12.79,12.9,11.77,12.53,"27,444,700","1,006,875,564"
24-May-16,13.31,13.77,12.01,12.73,"41,560,600","1,023,046,506"
23-May-16,14.28,14.49,13.19,13.46,"23,842,800","1,081,207,347"
22-May-16,14.04,14.35,13.77,14.29,"17,938,900","1,146,979,484"
21-May-16,13.69,14.05,13.12,14.02,"24,648,400","1,124,761,560"
20-May-16,14.85,15.05,13.38,13.64,"50,544,100","1,093,879,433"
19-May-16,13.54,14.87,13.34,14.77,"53,757,500","1,184,385,765"
18-May-16,12.18,14.26,12.18,13.56,"65,389,900","1,086,834,954"
17-May-16,11.19,12.49,11.15,12.2,"37,198,700","977,439,936"
16-May-16,9.97,11.44,9.97,11.17,"29,079,900","894,750,992"
15-May-16,10.24,10.44,9.93,9.96,"9,218,400","797,607,883"
14-May-16,10.51,10.61,9.81,10.24,"18,808,000","819,487,228"
13-May-16,10.06,11.05,10.02,10.51,"31,276,900","840,514,936"
12-May-16,10,10.51,9.86,10.06,"24,137,700","804,287,196"
11-May-16,9.43,10.01,9.39,10,"15,267,500","799,045,673"
10-May-16,9.28,9.48,9.26,9.36,"9,321,790","748,013,846"
9-May-16,9.49,9.64,9.2,9.3,"13,085,300","742,621,899"
8-May-16,9.37,9.6,8.93,9.48,"15,031,000","757,112,769"
7-May-16,9.32,9.48,9.21,9.37,"10,806,500","747,838,842"
6-May-16,9.81,9.95,9.04,9.35,"21,510,600","745,638,476"
5-May-16,9.4,10.05,9.29,9.83,"18,296,200","783,576,042"
4-May-16,9.38,10.03,9.27,9.41,"17,622,400","750,396,087"
3-May-16,10.17,10.17,9.28,9.31,"21,463,900","741,932,869"
2-May-16,8.89,10.32,8.85,10.16,"41,019,200","809,492,236"
1-May-16,8.78,9.01,8.43,8.85,"16,713,800","704,335,725"
30-Apr-16,7.45,9.37,7.45,8.81,"36,573,300","701,473,017"
29-Apr-16,7.21,7.73,7.17,7.46,"8,762,080","593,261,114"
28-Apr-16,7.74,7.91,7.17,7.17,"11,576,000","570,380,061"
27-Apr-16,7.39,7.97,7.32,7.76,"19,254,500","616,849,026"
26-Apr-16,7.53,7.55,7.06,7.4,"17,667,300","587,763,650"
25-Apr-16,8.01,8.09,7.24,7.55,"18,239,900","600,026,226"
24-Apr-16,8.29,8.47,7.96,8,"10,786,400","635,274,078"
23-Apr-16,7.79,8.55,7.74,8.29,"14,565,200","658,310,822"
22-Apr-16,8.15,8.27,7.67,7.82,"13,309,300","620,481,616"
21-Apr-16,8.45,8.72,7.96,8.1,"13,355,400","642,511,137"
20-Apr-16,8.69,8.83,8.31,8.47,"15,634,700","671,081,004"
19-Apr-16,9.08,9.31,8.6,8.71,"12,899,100","690,548,723"
18-Apr-16,9.33,9.51,8.5,9.04,"21,084,100","715,710,193"
17-Apr-16,8.62,9.7,8.56,9.31,"24,619,600","737,045,140"
16-Apr-16,8.24,8.65,8.11,8.61,"9,888,460","681,383,666"
15-Apr-16,8.39,8.62,8.1,8.24,"12,179,000","652,099,781"
14-Apr-16,8.08,8.76,8.02,8.39,"13,590,700","663,262,434"
13-Apr-16,7.44,8.72,7.07,8.04,"31,403,300","635,899,507"
12-Apr-16,8.64,8.64,7.15,7.44,"23,190,100","588,069,234"
11-Apr-16,8.94,8.95,8,8.64,"15,138,100","682,735,835"
10-Apr-16,9.15,9.22,7.46,8.94,"42,613,400","705,565,730"
9-Apr-16,9.69,10.09,9.07,9.15,"16,194,800","722,193,576"
8-Apr-16,10.08,10.39,9.66,9.72,"14,660,600","766,797,893"
7-Apr-16,10.7,10.81,9.95,10.07,"13,464,500","794,097,554"
6-Apr-16,10.45,10.97,10.28,10.69,"16,997,100","842,318,789"
5-Apr-16,11.21,11.21,10.13,10.44,"20,557,300","822,498,173"
4-Apr-16,11.62,11.62,11.02,11.16,"9,599,070","878,817,015"
3-Apr-16,11.63,11.71,11.51,11.62,"5,580,550","914,757,199"
2-Apr-16,11.63,11.69,11.4,11.6,"8,682,620","912,861,404"
1-Apr-16,11.4,11.85,11.4,11.66,"11,373,100","917,590,806"
31-Mar-16,11.92,12.01,11.32,11.4,"14,966,700","896,764,774"
30-Mar-16,11.61,12.18,11.47,11.95,"19,351,200","939,593,767"
29-Mar-16,11.75,11.91,11.35,11.66,"17,684,200","915,917,612"
28-Mar-16,10.43,11.86,10.41,11.67,"23,188,300","916,272,916"
27-Mar-16,10.99,11.05,10.11,10.42,"16,744,800","818,048,967"
26-Mar-16,10.77,11.18,10.59,10.97,"9,425,480","861,261,383"
25-Mar-16,11.26,11.37,10.53,10.74,"13,782,000","842,804,289"
24-Mar-16,12.44,12.5,10.8,11.23,"26,081,800","881,027,910"
23-Mar-16,11.33,12.43,11.24,12.42,"19,353,200","973,296,475"
22-Mar-16,11.88,12.03,11.18,11.27,"19,730,300","883,434,497"
21-Mar-16,10.3,12.01,10.16,11.86,"28,572,600","928,428,770"
20-Mar-16,10.52,10.9,9.57,10.32,"17,651,100","807,256,577"
19-Mar-16,11.2,11.2,9.78,10.53,"26,735,700","823,422,650"
18-Mar-16,11.11,11.18,8.52,11,"53,956,800","859,618,881"
17-Mar-16,12.56,12.64,10.44,11.08,"41,650,600","865,792,703"
16-Mar-16,13.02,13.73,12.5,12.52,"24,335,500","974,447,125"
15-Mar-16,13,13.2,12.05,13.01,"28,404,500","1,012,119,266"
14-Mar-16,14.51,15.01,11.58,12.45,"58,385,100","968,384,041"
13-Mar-16,13.51,15.26,13.47,14.48,"43,915,100","1,125,287,882"
12-Mar-16,11.13,13.53,11.09,13.53,"48,957,300","1,051,728,778"
11-Mar-16,11.22,11.6,10.39,11.08,"21,002,700","861,012,043"
10-Mar-16,11.88,12.24,10.99,11.31,"26,851,500","877,988,473"
9-Mar-16,9.79,12.05,9.67,11.9,"27,540,500","923,733,301"
8-Mar-16,9.58,10.17,8.82,9.85,"25,524,300","764,269,545"
7-Mar-16,11.43,11.65,9.31,9.55,"34,085,100","741,166,643"
6-Mar-16,11.2,11.84,9.99,11.38,"39,112,000","882,886,756"
5-Mar-16,10.37,12.27,9.97,11,"56,439,600","853,205,226"
4-Mar-16,9.24,10.41,8.48,10.41,"35,520,100","806,593,727"
3-Mar-16,8.44,10.1,8.33,9.29,"40,314,900","720,179,291"
2-Mar-16,7.63,8.75,7.37,8.47,"29,130,200","655,748,796"
1-Mar-16,6.32,7.91,6.31,7.65,"23,098,100","592,677,993"
29-Feb-16,6.46,6.61,6.05,6.34,"7,648,020","490,556,570"
28-Feb-16,6.41,6.62,6.24,6.47,"9,851,660","500,569,665"
27-Feb-16,5.96,6.53,5.92,6.43,"8,903,210","497,119,698"
26-Feb-16,6.04,6.27,5.74,5.92,"9,526,860","457,966,535"
25-Feb-16,6.19,6.65,5.55,6.1,"21,471,800","471,975,064"
24-Feb-16,5.6,6.24,5.51,6.24,"11,426,500","481,995,066"
23-Feb-16,5.68,5.95,5.39,5.59,"13,380,600","431,598,157"
22-Feb-16,4.66,5.65,4.64,5.62,"15,056,200","433,798,974"
21-Feb-16,4.36,4.71,4.23,4.65,"6,413,550","359,310,563"
20-Feb-16,4.68,4.75,4.13,4.34,"8,631,090","335,088,727"
19-Feb-16,4.38,4.79,4.27,4.74,"7,666,320","365,577,845"
18-Feb-16,3.77,4.77,3.42,4.4,"17,054,000","339,328,346"
17-Feb-16,4.29,4.77,3.5,3.76,"15,451,000","289,721,943"
16-Feb-16,5.33,5.47,4.03,4.32,"15,889,100","332,648,533"
15-Feb-16,5.33,5.89,5.02,5.29,"13,934,200","407,524,960"
14-Feb-16,5.4,5.47,4.45,5.24,"11,226,500","403,647,764"
13-Feb-16,5.69,5.72,4.19,5.39,"24,218,800","414,729,231"
12-Feb-16,5.95,6.58,5.07,5.55,"23,360,800","427,037,697"
11-Feb-16,4.5,6.29,4.34,6.01,"26,408,200","462,770,855"
10-Feb-16,4,4.86,3.78,4.44,"28,640,400","341,305,129"
9-Feb-16,3.17,4.04,3.17,4.04,"17,954,000","311,075,408"
8-Feb-16,2.97,3.27,2.88,3.18,"9,725,690","244,479,014"
7-Feb-16,2.54,3.06,2.54,2.96,"7,007,060","227,838,892"
6-Feb-16,2.53,2.56,2.47,2.53,"1,921,240","194,733,892"
5-Feb-16,2.57,2.61,2.47,2.54,"2,636,700","195,018,592"
4-Feb-16,2.53,2.63,2.44,2.58,"3,552,320","197,953,037"
3-Feb-16,2.43,2.54,2.34,2.53,"3,987,750","194,099,730"
2-Feb-16,2.22,2.45,2.16,2.44,"3,451,270","187,200,922"
1-Feb-16,2.32,2.32,2.12,2.21,"3,994,100","169,654,871"
31-Jan-16,2.44,2.53,2.19,2.31,"5,847,500","176,834,424"
30-Jan-16,2.51,2.61,2.4,2.45,"3,725,080","187,435,391"
29-Jan-16,2.54,2.61,2.3,2.49,"6,662,340","191,198,055"
28-Jan-16,2.41,2.68,2.34,2.53,"4,903,850","193,551,356"
27-Jan-16,2.25,2.59,2.19,2.39,"6,961,080","182,923,580"
26-Jan-16,2.53,2.84,1.99,2.28,"13,939,200","174,275,656"
25-Jan-16,2.15,2.66,2.06,2.5,"10,739,300","191,276,220"
24-Jan-16,1.9,2.3,1.9,2.14,"9,669,770","163,819,884"
23-Jan-16,1.5,2.03,1.5,1.97,"7,370,980","150,874,912"
22-Jan-16,1.55,1.58,1.47,1.5,"1,567,240","114,784,065"
21-Jan-16,1.53,1.59,1.49,1.55,"1,614,960","118,743,869"
20-Jan-16,1.36,1.62,1.35,1.53,"2,933,220","117,043,472"
19-Jan-16,1.42,1.46,1.31,1.37,"2,446,740","104,750,746"
18-Jan-16,1.33,1.54,1.32,1.43,"4,278,930","108,912,542"
17-Jan-16,1.22,1.33,1.21,1.33,"1,171,150","101,329,330"
16-Jan-16,1.22,1.31,1.17,1.22,"2,462,630","93,117,298"
15-Jan-16,1.18,1.32,1.14,1.21,"3,910,550","92,149,709"
14-Jan-16,1.12,1.19,1.1,1.19,"751,961","90,714,399"
13-Jan-16,1.14,1.15,1.08,1.13,"1,005,910","85,775,572"
12-Jan-16,1.07,1.28,1.05,1.14,"2,898,760","86,951,446"
11-Jan-16,0.999216,1.07,0.999216,1.06,"1,011,920","80,874,514"
10-Jan-16,0.985557,1,0.975099,0.999231,"390,888","76,097,646"
9-Jan-16,0.985501,0.992345,0.9736,0.986833,"226,281","75,128,312"
8-Jan-16,0.942752,0.991825,0.939715,0.986789,"545,600","75,099,809"
7-Jan-16,0.955801,0.974623,0.93583,0.942005,"647,462","71,667,152"
6-Jan-16,0.950028,0.960659,0.935708,0.95086,"308,791","72,317,149"
5-Jan-16,0.953147,0.970597,0.946543,0.950176,"219,833","72,240,974"
4-Jan-16,0.972045,0.976438,0.929835,0.95448,"346,245","72,543,707"
3-Jan-16,0.93843,0.991362,0.934313,0.971905,"407,632","73,843,292"
2-Jan-16,0.947401,0.969637,0.93656,0.937124,"255,504","71,176,658"
1-Jan-16,0.933712,0.954822,0.931442,0.948024,"206,062","71,980,386"
31-Dec-15,0.912098,0.975414,0.910277,0.933542,"663,994","70,858,023"
30-Dec-15,0.874258,0.941099,0.866647,0.911958,"604,078","69,196,765"
29-Dec-15,0.843835,0.873054,0.833232,0.873054,"215,742","66,222,901"
28-Dec-15,0.856356,0.872394,0.832932,0.845005,"235,134","64,074,279"
27-Dec-15,0.853166,0.861538,0.841151,0.856365,"164,565","64,913,919"
26-Dec-15,0.870766,0.897453,0.838314,0.854603,"425,282","64,758,910"
25-Dec-15,0.861993,0.882556,0.861993,0.870363,"187,114","65,931,377"
24-Dec-15,0.859433,0.882818,0.8476,0.863262,"354,646","65,371,538"
23-Dec-15,0.861782,0.88294,0.856065,0.858077,"334,993","64,957,356"
22-Dec-15,0.894973,0.909526,0.862059,0.864202,"454,249","65,398,932"
21-Dec-15,0.906065,0.91739,0.891182,0.900771,"549,113","68,143,246"
20-Dec-15,0.90824,0.943185,0.899441,0.903885,"472,164","68,356,313"
19-Dec-15,0.921524,0.925874,0.888916,0.908072,"343,535","68,650,439"
18-Dec-15,0.938327,0.939493,0.908081,0.920127,"300,787","69,538,663"
17-Dec-15,0.993043,0.997611,0.911807,0.940701,"640,765","71,069,938"
16-Dec-15,1.02,1.02,0.974927,0.991182,"320,767","74,858,729"
15-Dec-15,0.990589,1.03,0.98224,1.01,"578,618","76,568,082"
14-Dec-15,0.95662,1.01,0.950178,0.993022,"563,436","74,947,760"
13-Dec-15,0.971538,0.989394,0.937438,0.952884,"273,614","71,894,531"
12-Dec-15,0.931196,1.05,0.928546,0.976973,"1,376,280","73,686,284"
11-Dec-15,0.839995,0.929762,0.819789,0.929762,"801,072","70,101,842"
10-Dec-15,0.79559,0.86159,0.787291,0.840396,"369,589","63,342,630"
9-Dec-15,0.824454,0.824454,0.770488,0.792167,"624,221","59,687,098"
8-Dec-15,0.806024,0.823645,0.782328,0.822118,"445,903","61,922,409"
7-Dec-15,0.836322,0.850791,0.78765,0.811264,"520,409","61,084,951"
6-Dec-15,0.866417,0.882436,0.833115,0.8355,"443,608","62,889,050"
5-Dec-15,0.841195,0.872821,0.824444,0.862438,"232,743","64,895,497"
4-Dec-15,0.812082,0.859575,0.802373,0.840041,"241,278","63,189,182"
3-Dec-15,0.818546,0.837664,0.785086,0.812143,"539,969","61,070,307"
2-Dec-15,0.873171,0.878017,0.818924,0.82121,"506,307","61,730,775"
1-Dec-15,0.878316,0.886736,0.853937,0.8748,"652,857","65,738,067"
30-Nov-15,0.879951,0.895054,0.847696,0.873119,"784,439","65,589,555"
29-Nov-15,0.914144,0.914153,0.860533,0.878614,"448,358","65,980,042"
28-Nov-15,0.868102,0.929293,0.862122,0.915703,"462,464","68,742,122"
27-Nov-15,0.8821,0.900051,0.860695,0.867951,"403,813","65,135,635"
26-Nov-15,0.863273,0.903643,0.80436,0.884183,"947,473","66,330,892"
25-Nov-15,0.893827,0.899493,0.851106,0.863537,"622,991","64,760,707"
24-Nov-15,0.946442,0.948055,0.895931,0.900191,"524,195","67,487,356"
23-Nov-15,0.967493,0.969057,0.93387,0.946969,"441,875","70,970,606"
22-Nov-15,0.979765,0.984132,0.958982,0.968018,"372,173","72,523,507"
21-Nov-15,0.928758,0.978743,0.92094,0.97614,"455,976","73,107,357"
20-Nov-15,0.955735,0.955735,0.898576,0.92492,"614,335","69,247,998"
19-Nov-15,0.988713,1.01,0.937498,0.955532,"443,528","71,517,342"
18-Nov-15,0.993214,1.01,0.940516,0.993319,"681,104","74,320,769"
17-Nov-15,0.924948,1.03,0.905794,1.01,"1,145,440","75,392,162"
16-Nov-15,0.906166,0.944732,0.891971,0.928962,"620,945","69,458,011"
15-Nov-15,0.891217,0.921516,0.874957,0.906368,"411,848","67,745,801"
14-Nov-15,0.905469,0.906113,0.876908,0.888812,"372,514","66,410,518"
13-Nov-15,0.907722,0.917309,0.846023,0.904096,"543,671","67,529,354"
12-Nov-15,0.796455,0.913919,0.76351,0.895711,"806,156","66,880,152"
11-Nov-15,0.941296,0.945278,0.729775,0.791829,"1,278,580","59,103,443"
10-Nov-15,1,1.05,0.920968,0.934348,"854,581","69,717,801"
9-Nov-15,1.03,1.11,0.945263,0.999278,"2,045,290","74,537,426"
8-Nov-15,0.915661,1.03,0.915661,1.03,"1,021,460","76,614,488"
7-Nov-15,0.923732,0.943787,0.863539,0.927974,"890,187","69,172,171"
6-Nov-15,0.904772,0.989848,0.852929,0.926032,"913,666","69,004,595"
5-Nov-15,0.900699,0.991259,0.860382,0.895637,"1,179,840","66,716,645"
4-Nov-15,1.01,1.04,0.725665,0.89905,"3,060,340","66,947,930"
3-Nov-15,0.994568,1.07,0.936615,1.01,"1,907,690","75,434,114"
2-Nov-15,1.06,1.1,0.953647,0.989789,"1,145,200","73,654,327"
1-Nov-15,0.920847,1.08,0.899082,1.06,"588,913","78,530,263"
31-Oct-15,1.05,1.06,0.900171,0.916627,"673,892","68,163,368"
30-Oct-15,1.21,1.35,0.96816,1.04,"2,429,200","77,401,817"
29-Oct-15,1.01,1.21,0.947374,1.21,"2,279,240","89,668,667"
28-Oct-15,0.870938,1.06,0.807857,1,"2,373,050","74,469,864"
27-Oct-15,0.70889,0.898172,0.70889,0.869641,"1,846,370","64,580,263"
26-Oct-15,0.619743,0.757517,0.597098,0.731317,"1,089,120","54,289,124"
25-Oct-15,0.563207,0.688192,0.561383,0.616039,"635,384","45,716,387"
24-Oct-15,0.539681,0.577396,0.518688,0.56359,"258,356","41,809,764"
23-Oct-15,0.56637,0.611743,0.504284,0.539657,"878,822","40,020,348"
22-Oct-15,0.444988,0.619466,0.420991,0.567702,"924,822","42,085,192"
21-Oct-15,0.431589,0.482988,0.420897,0.447329,"609,085","33,150,826"
20-Oct-15,0.489629,0.501898,0.431648,0.434829,"383,921","32,213,626"
19-Oct-15,0.517621,0.521546,0.480994,0.489014,"243,742","36,215,624"
18-Oct-15,0.547913,0.552234,0.512861,0.517734,"133,690","38,329,702"
17-Oct-15,0.534117,0.56346,0.526961,0.547178,"313,860","40,496,031"
16-Oct-15,0.562593,0.568861,0.522533,0.536495,"249,891","39,691,829"
15-Oct-15,0.523278,0.572714,0.51473,0.561878,"371,022","41,556,025"
14-Oct-15,0.61224,0.61224,0.483974,0.522968,"971,664","38,665,409"
13-Oct-15,0.627943,0.63024,0.599214,0.607655,"303,044","44,911,718"
12-Oct-15,0.634515,0.657789,0.62603,0.62603,"109,567","46,253,823"
11-Oct-15,0.627461,0.639506,0.618335,0.634963,"102,128","46,897,253"
10-Oct-15,0.641187,0.649022,0.624374,0.627857,"141,555","46,356,711"
9-Oct-15,0.655084,0.692296,0.632116,0.650628,"386,420","48,022,036"
8-Oct-15,0.609501,0.633138,0.591971,0.621716,"310,266","45,872,837"
7-Oct-15,0.650515,0.656301,0.602423,0.609388,"218,327","44,947,527"
6-Oct-15,0.622218,0.653944,0.60623,0.650645,"262,674","47,974,298"
5-Oct-15,0.666784,0.674438,0.62445,0.628643,"234,263","46,336,892"
4-Oct-15,0.686343,0.693126,0.660716,0.668379,"103,497","49,249,083"
3-Oct-15,0.678783,0.709204,0.675482,0.687171,"163,326","50,616,972"
2-Oct-15,0.683732,0.69112,0.654605,0.678574,"219,318","49,966,502"
1-Oct-15,0.734307,0.734307,0.655906,0.690215,"596,084","50,805,919"
30-Sep-15,0.661192,0.746722,0.635861,0.738644,"619,926","54,351,468"
29-Sep-15,0.579414,0.67583,0.558346,0.661146,"913,992","48,633,259"
28-Sep-15,0.723715,0.725677,0.557062,0.582886,"1,320,890","42,863,006"
27-Sep-15,0.791277,0.791277,0.719169,0.720839,"413,801","52,990,396"
26-Sep-15,0.73763,0.787544,0.709328,0.785964,"369,620","57,759,115"
25-Sep-15,0.820031,0.825665,0.712745,0.736223,"903,457","54,085,581"
24-Sep-15,0.896796,0.908571,0.79346,0.81361,"842,505","59,749,888"
23-Sep-15,0.90356,0.90891,0.885136,0.893406,"200,541","65,587,499"
22-Sep-15,0.919337,0.919337,0.865225,0.901796,"487,914","66,180,153"
21-Sep-15,0.941496,0.957326,0.878301,0.919047,"424,039","67,422,915"
20-Sep-15,0.881191,0.947741,0.873205,0.938445,"508,314","68,822,183"
19-Sep-15,0.849603,0.911883,0.833784,0.882391,"386,988","64,687,992"
18-Sep-15,0.874574,0.888102,0.833908,0.853685,"484,622","62,561,883"
17-Sep-15,0.906865,0.909204,0.831132,0.874231,"897,940","64,046,216"
16-Sep-15,0.941977,0.952698,0.901639,0.907175,"615,593","66,437,873"
15-Sep-15,0.875189,1.05,0.875189,0.94441,"703,390","69,141,409"
14-Sep-15,0.940566,0.949387,0.87176,0.875622,"741,085","64,084,135"
13-Sep-15,1.04,1.04,0.902832,0.936003,"644,138","68,480,587"
12-Sep-15,0.987228,1.11,0.96978,1.04,"772,430","75,971,273"
11-Sep-15,1.16,1.17,0.940675,0.982978,"1,942,600","71,868,265"
10-Sep-15,1.21,1.22,1.14,1.17,"662,782","85,202,732"
9-Sep-15,1.24,1.26,1.2,1.21,"366,748","88,150,125"
8-Sep-15,1.25,1.28,1.23,1.24,"427,892","90,743,242"
7-Sep-15,1.3,1.31,1.24,1.25,"489,014","91,020,735"
6-Sep-15,1.34,1.37,1.29,1.3,"491,968","94,580,164"
5-Sep-15,1.28,1.34,1.27,1.34,"448,453","97,683,883"
4-Sep-15,1.26,1.3,1.24,1.27,"474,391","92,953,701"
3-Sep-15,1.3,1.31,1.21,1.26,"702,991","92,234,142"
2-Sep-15,1.35,1.35,1.26,1.29,"883,769","94,389,544"
1-Sep-15,1.35,1.39,1.34,1.35,"778,862","98,507,500"
31-Aug-15,1.32,1.4,1.2,1.36,"1,447,180","98,963,975"
30-Aug-15,1.18,1.37,1.17,1.32,"1,337,650","96,097,349"
29-Aug-15,1.19,1.21,1.15,1.18,"375,377","86,113,895"
28-Aug-15,1.15,1.21,1.12,1.19,"721,872","86,731,077"
27-Aug-15,1.17,1.19,1.14,1.15,"686,662","83,524,585"
26-Aug-15,1.13,1.2,1.06,1.16,"1,056,750","84,390,924"
25-Aug-15,1.23,1.24,1.13,1.14,"1,307,180","82,922,633"
24-Aug-15,1.35,1.36,1.23,1.23,"924,920","89,515,257"
23-Aug-15,1.38,1.41,1.3,1.35,"1,589,300","98,300,351"
22-Aug-15,1.4,1.48,1.35,1.38,"948,310","100,201,826"
21-Aug-15,1.48,1.56,1.35,1.4,"2,020,970","101,331,856"
20-Aug-15,1.25,1.53,1.25,1.46,"2,843,760","106,351,420"
19-Aug-15,1.17,1.32,1.17,1.26,"1,486,240","91,366,391"
18-Aug-15,1.22,1.33,1.09,1.09,"1,485,680","78,868,413"
17-Aug-15,1.58,1.58,1.19,1.2,"1,942,830","87,295,367"
16-Aug-15,1.68,1.7,1.09,1.57,"3,550,790","94,901,005"
15-Aug-15,1.8,1.88,1.57,1.69,"2,554,360","102,303,608"
14-Aug-15,1.81,2.26,1.75,1.83,"4,637,030","110,672,322"
13-Aug-15,1.22,1.97,1.17,1.83,"4,068,680","110,607,192"
12-Aug-15,1.06,1.29,0.883608,1.22,"2,150,620","73,645,011"
11-Aug-15,0.708087,1.13,0.663235,1.07,"1,463,100","64,569,288"
10-Aug-15,0.713989,0.729854,0.636546,0.708448,"405,283","42,818,364"
9-Aug-15,0.706136,0.87981,0.629191,0.701897,"532,170","42,399,573"
8-Aug-15,2.79,2.8,0.714725,0.753325,"674,188","45,486,894"
7-Aug-15,2.83,3.54,2.52,2.77,"164,329","166,610,555"
